,Player_ID,Season,birthDate,height,weight,stat.timeOnIce,stat.assists,stat.goals,stat.pim,stat.shots,stat.games,stat.hits,stat.powerPlayGoals,stat.powerPlayPoints,stat.powerPlayTimeOnIce,stat.evenTimeOnIce,stat.penaltyMinutes,stat.faceOffPct,stat.shotPct,stat.gameWinningGoals,stat.overTimeGoals,stat.shortHandedGoals,stat.shortHandedPoints,stat.shortHandedTimeOnIce,stat.blocked,stat.plusMinus,stat.points,stat.shifts,stat.timeOnIcePerGame,stat.evenTimeOnIcePerGame,stat.shortHandedTimeOnIcePerGame,stat.powerPlayTimeOnIcePerGame,stat.ot,stat.shutouts,stat.ties,stat.wins,stat.losses,stat.saves,stat.powerPlaySaves,stat.shortHandedSaves,stat.evenSaves,stat.shortHandedShots,stat.evenShots,stat.powerPlayShots,stat.savePercentage,stat.goalAgainstAverage,stat.gamesStarted,stat.shotsAgainst,stat.goalsAgainst,stat.powerPlaySavePercentage,stat.shortHandedSavePercentage,stat.evenStrengthSavePercentage,Age_in_Season,Full_Season
0,8448208,20142015,1972-02-15,"6\' 3""",230,1352:54,30.0,17.0,48,169.0,77,30.0,4.0,11.0,182:05,1170:11,48,100.0,10.06,5.0,1.0,0.0,0.0,00:38,14.0,-3.0,47.0,1671.0,17:34,15:11,00:00,02:21,,,,,,,,,,,,,,,,,,,,,"42 years, 350 days",No
1,8465185,20142015,1977-04-23,"6\' 3""",210,1430:48,5.0,3.0,25,78.0,66,99.0,0.0,0.0,08:55,1205:43,25,0.0,3.85,0.0,0.0,0.0,1.0,216:10,144.0,1.0,8.0,1729.0,21:40,18:16,03:16,00:08,,,,,,,,,,,,,,,,,,,,,"37 years, 283 days",No
2,8465978,20142015,1977-07-23,"6\' 2""",217,440:52,4.0,1.0,50,53.0,46,93.0,0.0,0.0,03:34,436:18,50,25.0,1.89,0.0,0.0,0.0,0.0,01:00,5.0,-13.0,5.0,615.0,09:35,09:29,00:01,00:04,,,,,,,,,,,,,,,,,,,,,"37 years, 192 days",No
3,8466285,20142015,1979-05-23,"5\' 10""",192,1903:05,24.0,3.0,22,118.0,82,44.0,1.0,12.0,248:36,1571:42,22,0.0,2.54,0.0,0.0,0.0,0.0,82:47,85.0,4.0,27.0,2083.0,23:12,19:10,01:00,03:01,,,,,,,,,,,,,,,,,,,,,"35 years, 253 days",Yes
4,8468001,20142015,1981-06-11,"5\' 11""",177,1020:58,6.0,5.0,45,72.0,82,273.0,1.0,1.0,15:06,809:43,45,53.13,6.94,0.0,0.0,0.0,0.0,196:09,51.0,-17.0,11.0,1495.0,12:27,09:52,02:23,00:11,,,,,,,,,,,,,,,,,,,,,"33 years, 234 days",Yes
5,8468504,20142015,1982-04-17,"6\' 0""",199,1220:44,24.0,14.0,20,151.0,78,60.0,5.0,9.0,157:43,1058:48,20,56.06,9.27,4.0,1.0,0.0,0.0,04:13,38.0,11.0,38.0,1513.0,15:39,13:34,00:03,02:01,,,,,,,,,,,,,,,,,,,,,"32 years, 289 days",No
6,8468518,20142015,1982-02-05,"6\' 3""",210,825:50,6.0,2.0,28,106.0,64,88.0,0.0,0.0,07:44,671:07,28,75.0,1.89,1.0,0.0,0.0,0.0,146:59,22.0,-19.0,8.0,1150.0,12:54,10:29,02:17,00:07,,,,,,,,,,,,,,,,,,,,,"32 years, 360 days",No
7,8469638,20142015,1983-04-01,"6\' 0""",191,1355:47,36.0,8.0,34,134.0,81,52.0,2.0,9.0,180:20,1034:40,34,50.4,5.97,0.0,0.0,0.0,0.0,140:47,50.0,-2.0,44.0,1794.0,16:44,12:46,01:44,02:13,,,,,,,,,,,,,,,,,,,,,"31 years, 305 days",No
8,8470039,20142015,1984-05-16,"6\' 1""",192,970:23,19.0,8.0,12,131.0,66,64.0,0.0,1.0,75:55,840:46,12,28.57,6.11,1.0,0.0,0.0,0.0,53:42,15.0,12.0,27.0,1278.0,14:42,12:44,00:48,01:09,,,,,,,,,,,,,,,,,,,,,"30 years, 260 days",No
9,8470105,20142015,1983-10-07,"6\' 0""",200,798:58,7.0,8.0,28,93.0,63,128.0,0.0,1.0,28:57,689:56,28,52.3,8.6,2.0,0.0,0.0,0.0,80:05,27.0,-8.0,15.0,1147.0,12:40,10:57,01:16,00:27,,,,,,,,,,,,,,,,,,,,,"31 years, 116 days",No
10,8470176,20142015,1984-02-08,"5\' 11""",201,734:34,10.0,9.0,40,108.0,56,73.0,0.0,2.0,23:15,704:53,40,33.33,8.33,2.0,0.0,0.0,0.0,06:26,13.0,-2.0,19.0,932.0,13:07,12:35,00:06,00:24,,,,,,,,,,,,,,,,,,,,,"30 years, 357 days",No
11,8470839,20142015,1983-08-09,"6\' 3""",230,121:19,1.0,0.0,5,4.0,9,36.0,0.0,0.0,00:59,114:42,5,0.0,0.0,0.0,0.0,0.0,0.0,05:38,12.0,-4.0,1.0,174.0,13:28,12:44,00:37,00:06,,,,,,,,,,,,,,,,,,,,,"31 years, 175 days",No
12,8471245,20142015,1986-06-05,"6\' 0""",184,866:38,17.0,6.0,48,76.0,53,88.0,0.0,5.0,71:07,701:09,48,44.46,7.89,0.0,0.0,1.0,1.0,94:22,21.0,4.0,23.0,1180.0,16:21,13:13,01:46,01:20,,,,,,,,,,,,,,,,,,,,,"28 years, 240 days",No
13,8474000,20142015,1988-09-24,"5\' 11""",198,429:55,2.0,2.0,12,28.0,25,49.0,0.0,1.0,10:42,392:50,12,0.0,7.14,1.0,0.0,0.0,0.0,26:23,33.0,-4.0,4.0,544.0,17:11,15:42,01:03,00:25,,,,,,,,,,,,,,,,,,,,,"26 years, 129 days",No
14,8474606,20142015,1990-04-24,"6\' 3""",194,167:01,1.0,0.0,2,8.0,12,16.0,0.0,0.0,00:49,157:36,2,0.0,0.0,0.0,0.0,0.0,0.0,08:36,10.0,2.0,1.0,227.0,13:55,13:08,00:43,00:04,,,,,,,,,,,,,,,,,,,,,"24 years, 282 days",No
15,8474625,20142015,1989-11-21,"6\' 5""",215,1090:16,16.0,19.0,20,166.0,72,147.0,4.0,11.0,143:28,943:50,20,44.44,11.45,3.0,0.0,0.0,0.0,02:58,12.0,-4.0,35.0,1315.0,15:08,13:06,00:02,01:59,,,,,,,,,,,,,,,,,,,,,"25 years, 71 days",No
16,8475153,20142015,1991-01-03,"6\' 2""",223,699:44,6.0,2.0,20,44.0,44,77.0,0.0,1.0,25:33,596:38,20,0.0,4.55,0.0,0.0,0.0,0.0,77:33,52.0,-7.0,8.0,976.0,15:54,13:33,01:45,00:34,,,,,,,,,,,,,,,,,,,,,"24 years, 28 days",No
17,8475179,20142015,1990-10-29,"6\' 1""",201,1555:44,19.0,3.0,48,83.0,73,114.0,1.0,6.0,109:03,1261:47,48,0.0,3.61,0.0,0.0,0.0,1.0,184:54,105.0,0.0,22.0,1905.0,21:18,17:17,02:31,01:29,,,,,,,,,,,,,,,,,,,,,"24 years, 94 days",No
18,8475204,20142015,1991-04-10,"6\' 1""",180,723:43,2.0,22.0,14,143.0,49,39.0,7.0,7.0,84:33,636:23,14,49.14,15.38,4.0,0.0,0.0,0.0,02:47,13.0,6.0,24.0,885.0,14:46,12:59,00:03,01:43,,,,,,,,,,,,,,,,,,,,,"23 years, 296 days",No
19,8475253,20142015,1991-03-16,"6\' 3""",218,17:41,0.0,0.0,0,5.0,2,5.0,0.0,0.0,00:22,17:19,0,0.0,0.0,0.0,0.0,0.0,0.0,00:00,1.0,-2.0,0.0,25.0,08:50,08:39,00:00,00:11,,,,,,,,,,,,,,,,,,,,,"23 years, 321 days",No
20,8475755,20142015,1992-03-03,"6\' 4""",210,536:34,3.0,0.0,34,29.0,33,76.0,0.0,0.0,06:11,504:23,34,0.0,0.0,0.0,0.0,0.0,0.0,26:00,34.0,-4.0,3.0,686.0,16:15,15:17,00:47,00:11,,,,,,,,,,,,,,,,,,,,,"22 years, 334 days",No
21,8475760,20142015,1992-07-17,"6\' 6""",209,1193:55,19.0,24.0,38,207.0,72,148.0,7.0,12.0,166:50,989:52,38,48.89,11.59,3.0,0.0,0.0,0.0,37:13,29.0,-7.0,43.0,1508.0,16:34,13:44,00:31,02:19,,,,,,,,,,,,,,,,,,,,,"22 years, 198 days",No
22,8475790,20142015,1992-01-07,"6\' 5""",222,1414:58,9.0,4.0,58,110.0,76,212.0,0.0,4.0,67:09,1182:01,58,0.0,3.64,0.0,0.0,0.0,0.0,165:48,75.0,-4.0,13.0,1830.0,18:37,15:33,02:10,00:53,,,,,,,,,,,,,,,,,,,,,"23 years, 24 days",No
23,8476389,20142015,1993-07-11,"5\' 10""",183,700:16,15.0,7.0,24,89.0,50,93.0,1.0,1.0,45:18,649:58,24,48.64,7.87,0.0,0.0,0.0,0.0,05:00,19.0,9.0,22.0,859.0,14:00,12:59,00:06,00:54,,,,,,,,,,,,,,,,,,,,,"21 years, 204 days",No
24,8476428,20142015,1993-02-08,"5\' 6""",180,88:16,0.0,1.0,4,18.0,7,7.0,0.0,0.0,02:38,85:38,4,42.85,5.56,0.0,0.0,0.0,0.0,00:00,1.0,1.0,1.0,127.0,12:36,12:14,00:00,00:22,,,,,,,,,,,,,,,,,,,,,"21 years, 357 days",No
25,8476456,20142015,1993-06-04,"6\' 1""",202,1323:05,39.0,15.0,38,169.0,79,68.0,0.0,12.0,185:21,1127:24,38,25.0,8.88,0.0,0.0,0.0,0.0,10:20,24.0,10.0,54.0,1636.0,16:44,14:16,00:07,02:20,,,,,,,,,,,,,,,,,,,,,"21 years, 241 days",No
26,8477493,20142015,1995-09-02,"6\' 3""",215,1242:25,20.0,16.0,16,123.0,71,35.0,3.0,7.0,160:55,1049:02,16,46.1,13.01,3.0,0.0,0.0,0.0,32:28,35.0,-4.0,36.0,1516.0,17:29,14:46,00:27,02:15,,,,,,,,,,,,,,,,,,,,,"19 years, 151 days",No
27,8477932,20142015,1996-02-07,"6\' 4""",215,1766:37,27.0,12.0,32,170.0,81,109.0,6.0,13.0,227:24,1504:41,32,0.0,7.06,4.0,0.0,0.0,0.0,34:32,80.0,12.0,39.0,1966.0,21:48,18:34,00:25,02:48,,,,,,,,,,,,,,,,,,,,,"18 years, 358 days",No
28,8466141,20142015,1979-04-04,"6\' 3""",215,3528:11,,,,,61,,,,,,,,,,,,,,,,,,57:50,,,,12.0,2.0,,28.0,19.0,1605.0,248.0,35.0,1322.0,38.0,1418.0,287.0,0.920826,2.346817,61.0,1743.0,138.0,86.41114982578398,92.10526315789474,93.22990126939351,"35 years, 302 days",No
29,8468540,20142015,1980-06-19,"6\' 1""",195,486:28,,,,,8,,,,,,,,,,,,,,,,,,60:48,,,,1.0,1.0,,4.0,3.0,202.0,26.0,4.0,172.0,5.0,187.0,29.0,0.914027,2.343429,8.0,221.0,19.0,89.65517241379311,80.0,91.97860962566845,"34 years, 226 days",No
30,8471219,20142015,1985-02-13,"6\' 2""",200,976:56,,,,,20,,,,,,,,,,,,,,,,,,48:50,,,,2.0,0.0,,6.0,7.0,404.0,51.0,11.0,342.0,13.0,382.0,58.0,0.891832,3.009417,13.0,453.0,49.0,87.93103448275862,84.61538461538461,89.52879581151832,"29 years, 352 days",No
31,8448208,20152016,1972-02-15,"6\' 3""",230,1348:56,39.0,27.0,48,143.0,79,31.0,5.0,11.0,214:27,1133:11,48,0.0,18.88,4.0,0.0,0.0,0.0,01:18,16.0,23.0,66.0,1616.0,17:04,14:20,00:00,02:42,,,,,,,,,,,,,,,,,,,,,"43 years, 350 days",No
32,8465185,20152016,1977-04-23,"6\' 3""",210,916:34,6.0,1.0,18,33.0,46,68.0,0.0,0.0,05:54,761:48,18,0.0,3.03,1.0,0.0,0.0,0.0,148:52,70.0,-2.0,7.0,1093.0,19:55,16:33,03:14,00:07,,,,,,,,,,,,,,,,,,,,,"38 years, 283 days",No
33,8465978,20152016,1977-07-23,"6\' 2""",217,434:27,4.0,1.0,80,58.0,50,73.0,0.0,0.0,05:28,428:59,80,46.15,1.72,0.0,0.0,0.0,0.0,00:00,2.0,-2.0,5.0,593.0,08:41,08:34,00:00,00:06,,,,,,,,,,,,,,,,,,,,,"38 years, 192 days",No
34,8466285,20152016,1979-05-23,"5\' 10""",192,1826:47,25.0,6.0,26,99.0,82,27.0,0.0,8.0,220:11,1474:03,26,0.0,6.06,1.0,1.0,1.0,1.0,132:33,80.0,31.0,31.0,2052.0,22:16,17:58,01:36,02:41,,,,,,,,,,,,,,,,,,,,,"36 years, 253 days",Yes
35,8468001,20152016,1981-06-11,"5\' 11""",177,841:42,7.0,6.0,36,79.0,64,154.0,0.0,0.0,09:27,663:39,36,54.8,7.59,3.0,0.0,0.0,1.0,168:36,38.0,7.0,13.0,1225.0,13:09,10:22,02:38,00:08,,,,,,,,,,,,,,,,,,,,,"34 years, 234 days",No
36,8469638,20152016,1983-04-01,"6\' 0""",191,1481:36,42.0,18.0,42,153.0,81,43.0,5.0,12.0,211:02,1086:07,42,51.52,11.76,1.0,0.0,1.0,2.0,184:27,50.0,25.0,60.0,1917.0,18:17,13:24,02:16,02:36,,,,,,,,,,,,,,,,,,,,,"32 years, 305 days",No
37,8470201,20152016,1984-01-04,"5\' 10""",190,1134:40,30.0,16.0,27,109.0,72,28.0,3.0,10.0,185:01,948:40,27,42.3,14.68,1.0,0.0,0.0,0.0,00:59,7.0,-1.0,46.0,1598.0,15:45,13:10,00:00,02:34,,,,,,,,,,,,,,,,,,,,,"32 years, 27 days",No
38,8471245,20152016,1986-06-05,"6\' 0""",184,352:18,4.0,1.0,16,26.0,25,36.0,0.0,3.0,19:43,282:44,16,45.74,3.85,0.0,0.0,0.0,0.0,49:51,9.0,-2.0,5.0,506.0,14:05,11:18,01:59,00:47,,,,,,,,,,,,,,,,,,,,,"29 years, 240 days",No
39,8471693,20152016,1987-02-10,"6\' 3""",199,677:09,6.0,2.0,18,63.0,44,39.0,0.0,1.0,37:36,635:20,18,0.0,3.17,1.0,1.0,0.0,0.0,04:13,24.0,13.0,8.0,937.0,15:23,14:26,00:05,00:51,,,,,,,,,,,,,,,,,,,,,"28 years, 355 days",No
40,8473962,20152016,1985-09-08,"6\' 2""",195,1279:04,29.0,14.0,12,149.0,76,31.0,2.0,10.0,192:10,1045:46,12,33.33,9.4,2.0,1.0,0.0,1.0,41:08,15.0,-11.0,43.0,1696.0,16:49,13:45,00:32,02:31,,,,,,,,,,,,,,,,,,,,,"30 years, 145 days",No
41,8474000,20152016,1988-09-24,"5\' 11""",198,709:26,4.0,0.0,26,54.0,47,70.0,0.0,1.0,09:52,659:26,26,50.0,0.0,0.0,0.0,0.0,0.0,40:08,70.0,5.0,4.0,887.0,15:05,14:01,00:51,00:12,,,,,,,,,,,,,,,,,,,,,"27 years, 129 days",No
42,8474698,20152016,1989-05-17,"5\' 11""",189,81:05,0.0,0.0,4,7.0,7,4.0,0.0,0.0,00:19,78:30,4,0.0,0.0,0.0,0.0,0.0,0.0,02:16,7.0,-2.0,0.0,112.0,11:35,11:12,00:19,00:02,,,,,,,,,,,,,,,,,,,,,"26 years, 259 days",No
43,8475153,20152016,1991-01-03,"6\' 2""",223,110:01,1.0,0.0,2,9.0,8,6.0,0.0,0.0,00:32,109:25,2,0.0,0.0,0.0,0.0,0.0,0.0,00:04,7.0,-1.0,1.0,141.0,13:45,13:40,00:00,00:04,,,,,,,,,,,,,,,,,,,,,"25 years, 28 days",No
44,8475179,20152016,1990-10-29,"6\' 1""",201,1556:33,16.0,1.0,51,99.0,74,122.0,0.0,6.0,103:27,1277:43,51,0.0,1.01,1.0,0.0,0.0,0.0,175:23,121.0,8.0,17.0,1808.0,21:02,17:15,02:22,01:23,,,,,,,,,,,,,,,,,,,,,"25 years, 94 days",No
45,8475191,20152016,1991-04-01,"6\' 1""",180,1526:06,25.0,25.0,31,173.0,82,85.0,5.0,11.0,210:40,1128:09,31,0.0,14.45,3.0,0.0,0.0,1.0,187:17,39.0,19.0,50.0,1957.0,18:36,13:45,02:17,02:34,,,,,,,,,,,,,,,,,,,,,"24 years, 305 days",Yes
46,8475204,20152016,1991-04-10,"6\' 1""",180,885:30,15.0,14.0,30,128.0,61,66.0,3.0,10.0,131:28,752:03,30,46.15,10.94,3.0,0.0,0.0,0.0,01:59,14.0,-4.0,29.0,1108.0,14:30,12:19,00:01,02:09,,,,,,,,,,,,,,,,,,,,,"24 years, 296 days",No
47,8475253,20152016,1991-03-16,"6\' 3""",218,271:48,0.0,0.0,24,28.0,29,75.0,0.0,0.0,03:40,268:08,24,0.0,0.0,0.0,0.0,0.0,0.0,00:00,4.0,-3.0,0.0,371.0,09:22,09:14,00:00,00:07,,,,,,,,,,,,,,,,,,,,,"24 years, 321 days",No
48,8475260,20152016,1990-09-10,"6\' 2""",195,192:38,5.0,2.0,4,11.0,20,18.0,0.0,0.0,02:06,189:27,4,50.94,18.18,0.0,0.0,0.0,0.0,01:05,2.0,3.0,7.0,264.0,09:37,09:28,00:03,00:06,,,,,,,,,,,,,,,,,,,,,"25 years, 143 days",No
49,8475735,20152016,1992-06-17,"6\' 0""",195,123:52,0.0,2.0,2,14.0,15,20.0,0.0,0.0,01:10,118:48,2,45.04,14.29,0.0,0.0,0.0,0.0,03:54,6.0,1.0,2.0,184.0,08:15,07:55,00:15,00:04,,,,,,,,,,,,,,,,,,,,,"23 years, 228 days",No
50,8475736,20152016,1992-02-25,"6\' 0""",203,200:41,4.0,1.0,14,13.0,23,46.0,0.0,0.0,03:12,197:27,14,0.0,7.69,1.0,0.0,0.0,0.0,00:02,6.0,1.0,5.0,272.0,08:43,08:35,00:00,00:08,,,,,,,,,,,,,,,,,,,,,"23 years, 340 days",No
51,8475755,20152016,1992-03-03,"6\' 4""",210,1119:04,15.0,2.0,90,53.0,66,157.0,0.0,0.0,10:29,991:15,90,0.0,3.77,0.0,0.0,0.0,1.0,117:20,76.0,17.0,17.0,1400.0,16:57,15:01,01:46,00:09,,,,,,,,,,,,,,,,,,,,,"23 years, 334 days",No
52,8475756,20152016,1992-04-02,"6\' 0""",211,29:44,0.0,0.0,0,2.0,3,5.0,0.0,0.0,00:47,28:57,0,0.0,0.0,0.0,0.0,0.0,0.0,00:00,3.0,-1.0,0.0,49.0,09:54,09:39,00:00,00:15,,,,,,,,,,,,,,,,,,,,,"23 years, 304 days",No
53,8475760,20152016,1992-07-17,"6\' 6""",209,1039:10,19.0,15.0,41,171.0,67,87.0,6.0,15.0,173:16,855:24,41,51.72,8.77,3.0,0.0,0.0,0.0,10:30,28.0,-8.0,34.0,1306.0,15:30,12:46,00:09,02:35,,,,,,,,,,,,,,,,,,,,,"23 years, 198 days",No
54,8475769,20152016,1992-01-21,"6\' 2""",189,601:35,5.0,6.0,18,54.0,58,116.0,0.0,0.0,06:25,588:36,18,50.0,11.11,0.0,0.0,0.0,0.0,06:34,10.0,-1.0,11.0,782.0,10:22,10:08,00:06,00:06,,,,,,,,,,,,,,,,,,,,,"24 years, 305 days",No
55,8475790,20152016,1992-01-07,"6\' 5""",222,1287:12,7.0,2.0,49,73.0,64,150.0,0.0,0.0,21:15,1058:50,49,0.0,2.74,0.0,0.0,0.0,0.0,207:07,73.0,3.0,9.0,1488.0,20:06,16:32,03:14,00:19,,,,,,,,,,,,,,,,,,,,,"24 years, 24 days",No
56,8476389,20152016,1993-07-11,"5\' 10""",183,1350:32,28.0,25.0,44,174.0,76,125.0,4.0,13.0,203:43,1086:34,44,49.45,14.37,4.0,0.0,1.0,1.0,60:15,41.0,15.0,53.0,1618.0,17:46,14:17,00:47,02:40,,,,,,,,,,,,,,,,,,,,,"22 years, 204 days",No
57,8476400,20152016,1992-10-05,"6\' 3""",208,648:46,2.0,5.0,13,72.0,53,88.0,1.0,1.0,55:03,565:13,13,43.24,6.94,1.0,0.0,0.0,0.0,28:30,20.0,-7.0,7.0,887.0,12:14,10:39,00:32,01:02,,,,,,,,,,,,,,,,,,,,,"23 years, 118 days",No
58,8476415,20152016,1992-10-24,"5\' 9""",171,113:19,0.0,0.0,2,15.0,9,4.0,0.0,0.0,04:32,106:35,2,0.0,0.0,0.0,0.0,0.0,0.0,02:12,3.0,-1.0,0.0,158.0,12:35,11:50,00:14,00:30,,,,,,,,,,,,,,,,,,,,,"23 years, 99 days",No
59,8476428,20152016,1993-02-08,"5\' 6""",180,237:18,2.0,3.0,2,29.0,20,17.0,0.0,0.0,10:12,226:48,2,43.51,10.34,0.0,0.0,0.0,0.0,00:18,2.0,-4.0,5.0,303.0,11:51,11:20,00:00,00:30,,,,,,,,,,,,,,,,,,,,,"22 years, 357 days",No
60,8476456,20152016,1993-06-04,"6\' 1""",202,1378:55,39.0,20.0,43,174.0,76,53.0,4.0,13.0,204:58,1133:59,43,38.88,11.49,2.0,0.0,1.0,1.0,39:58,36.0,17.0,59.0,1639.0,18:08,14:55,00:31,02:41,,,,,,,,,,,,,,,,,,,,,"22 years, 241 days",No
61,8476875,20152016,1994-02-27,"6\' 2""",188,52:36,0.0,0.0,2,4.0,3,1.0,0.0,0.0,00:03,52:09,2,0.0,0.0,0.0,0.0,0.0,0.0,00:24,1.0,1.0,0.0,63.0,17:32,17:23,00:08,00:01,,,,,,,,,,,,,,,,,,,,,"21 years, 338 days",No
62,8477493,20152016,1995-09-02,"6\' 3""",215,1282:23,31.0,28.0,8,171.0,66,43.0,9.0,16.0,187:35,976:42,8,49.22,16.37,8.0,0.0,1.0,2.0,118:06,39.0,18.0,59.0,1517.0,19:25,14:47,01:47,02:50,,,,,,,,,,,,,,,,,,,,,"20 years, 151 days",No
63,8477932,20152016,1996-02-07,"6\' 4""",215,1690:49,21.0,15.0,41,182.0,78,87.0,3.0,9.0,221:15,1411:37,41,0.0,8.24,4.0,0.0,0.0,0.0,57:57,59.0,18.0,36.0,1878.0,21:40,18:05,00:44,02:50,,,,,,,,,,,,,,,,,,,,,"19 years, 358 days",No
64,8466141,20152016,1979-04-04,"6\' 3""",215,3601:51,,,,,62,,,,,,,,,,,,,,,,,,58:05,,,,6.0,4.0,,35.0,19.0,1660.0,263.0,40.0,1357.0,43.0,1449.0,309.0,0.92171,2.348793,60.0,1801.0,141.0,85.11326860841424,93.02325581395348,93.65079365079364,"36 years, 302 days",No
65,8471219,20152016,1985-02-13,"6\' 2""",200,1351:14,,,,,25,,,,,,,,,,,,,,,,,,54:02,,,,3.0,0.0,,12.0,7.0,559.0,84.0,12.0,463.0,13.0,503.0,92.0,0.919408,2.17579,22.0,608.0,49.0,91.30434782608695,92.3076923076923,92.04771371769384,"30 years, 352 days",No
66,8448208,20162017,1972-02-15,"6\' 3""",230,1393:59,30.0,16.0,56,181.0,82,21.0,8.0,13.0,226:49,1165:54,56,50.0,8.84,2.0,0.0,0.0,0.0,01:16,4.0,2.0,46.0,1727.0,16:59,14:13,00:00,02:45,,,,,,,,,,,,,,,,,,,,,"44 years, 351 days",Yes
67,8465978,20162017,1977-07-23,"6\' 2""",217,384:29,2.0,2.0,67,42.0,50,52.0,0.0,0.0,07:38,376:40,67,33.33,4.76,0.0,0.0,0.0,0.0,00:11,8.0,-7.0,4.0,565.0,07:41,07:32,00:00,00:09,,,,,,,,,,,,,,,,,,,,,"39 years, 192 days",No
68,8468001,20162017,1981-06-11,"5\' 11""",177,1030:19,10.0,6.0,50,91.0,82,192.0,0.0,0.0,12:36,833:13,50,50.0,6.59,1.0,0.0,2.0,5.0,184:30,45.0,-7.0,16.0,1559.0,12:33,10:09,02:15,00:09,,,,,,,,,,,,,,,,,,,,,"35 years, 234 days",Yes
69,8469638,20162017,1983-04-01,"6\' 0""",191,1201:20,17.0,11.0,39,118.0,69,28.0,4.0,10.0,170:07,937:26,39,52.08,9.32,2.0,0.0,1.0,1.0,93:47,33.0,-15.0,28.0,1598.0,17:24,13:35,01:21,02:27,,,,,,,,,,,,,,,,,,,,,"33 years, 305 days",No
70,8470598,20162017,1984-01-19,"6\' 2""",214,979:29,31.0,17.0,22,133.0,68,29.0,5.0,13.0,181:49,796:35,22,40.0,12.78,2.0,0.0,0.0,0.0,01:05,5.0,-5.0,48.0,1283.0,14:24,11:42,00:00,02:40,,,,,,,,,,,,,,,,,,,,,"33 years, 282 days",No
71,8471693,20162017,1987-02-10,"6\' 3""",199,572:56,4.0,0.0,28,41.0,39,49.0,0.0,0.0,10:49,554:54,28,0.0,0.0,0.0,0.0,0.0,0.0,07:13,37.0,-11.0,4.0,749.0,14:41,14:13,00:11,00:16,,,,,,,,,,,,,,,,,,,,,"29 years, 356 days",No
72,8471735,20162017,1986-09-09,"6\' 1""",192,1807:16,36.0,5.0,39,178.0,82,28.0,2.0,18.0,252:58,1415:04,39,0.0,2.81,0.0,0.0,0.0,1.0,139:14,76.0,-6.0,41.0,2105.0,22:02,17:15,01:41,03:05,,,,,,,,,,,,,,,,,,,,,"30 years, 144 days",Yes
73,8474000,20162017,1988-09-24,"5\' 11""",198,145:50,1.0,1.0,6,10.0,11,24.0,0.0,0.0,00:33,143:59,6,0.0,10.0,0.0,0.0,0.0,0.0,01:18,10.0,-2.0,2.0,215.0,13:15,13:05,00:07,00:03,,,,,,,,,,,,,,,,,,,,,"28 years, 129 days",No
74,8474098,20162017,1989-04-20,"6\' 0""",190,1170:41,15.0,9.0,25,172.0,80,108.0,1.0,3.0,66:38,943:09,25,53.44,5.23,1.0,0.0,3.0,4.0,160:54,64.0,-16.0,24.0,1596.0,14:38,11:47,02:00,00:49,,,,,,,,,,,,,,,,,,,,,"27 years, 286 days",No
75,8474218,20162017,1988-06-09,"6\' 1""",195,1588:29,19.0,9.0,53,98.0,81,106.0,0.0,5.0,131:08,1315:05,53,0.0,9.18,2.0,0.0,0.0,2.0,142:16,90.0,-14.0,28.0,2019.0,19:36,16:14,01:45,01:37,,,,,,,,,,,,,,,,,,,,,"28 years, 236 days",No
76,8475191,20162017,1991-04-01,"6\' 1""",180,1468:16,22.0,15.0,17,160.0,80,75.0,6.0,11.0,193:04,1137:46,17,50.0,9.38,3.0,0.0,1.0,1.0,137:26,34.0,-13.0,37.0,1948.0,18:21,14:13,01:43,02:24,,,,,,,,,,,,,,,,,,,,,"25 years, 305 days",No
77,8475597,20162017,1989-02-01,"5\' 11""",193,144:12,1.0,2.0,18,13.0,14,19.0,0.0,0.0,00:17,143:43,18,0.0,15.38,0.0,0.0,0.0,0.0,00:12,0.0,-1.0,3.0,193.0,10:18,10:15,00:00,00:01,,,,,,,,,,,,,,,,,,,,,"27 years, 365 days",No
78,8475735,20162017,1992-06-17,"6\' 0""",195,455:31,4.0,3.0,22,36.0,46,48.0,0.0,0.0,07:28,426:49,22,50.0,8.33,0.0,0.0,0.0,0.0,21:14,16.0,-3.0,7.0,669.0,09:54,09:16,00:27,00:09,,,,,,,,,,,,,,,,,,,,,"24 years, 228 days",No
79,8475755,20162017,1992-03-03,"6\' 4""",210,889:21,13.0,1.0,79,55.0,49,106.0,0.0,0.0,05:26,819:30,79,0.0,1.82,0.0,0.0,0.0,0.0,64:25,55.0,-1.0,14.0,1055.0,18:09,16:43,01:18,00:06,,,,,,,,,,,,,,,,,,,,,"24 years, 334 days",No
80,8475760,20162017,1992-07-17,"6\' 6""",209,710:15,7.0,7.0,22,91.0,54,72.0,1.0,3.0,76:32,631:51,22,47.57,7.69,1.0,0.0,0.0,0.0,01:52,9.0,-19.0,14.0,984.0,13:09,11:42,00:02,01:25,,,,,,,,,,,,,,,,,,,,,"24 years, 198 days",No
81,8475795,20162017,1992-04-20,"6\' 5""",232,57:06,0.0,1.0,14,3.0,6,15.0,0.0,0.0,00:00,56:00,14,0.0,33.33,0.0,0.0,0.0,0.0,01:06,4.0,-2.0,1.0,76.0,09:31,09:20,00:11,00:00,,,,,,,,,,,,,,,,,,,,,"24 years, 286 days",No
82,8475796,20162017,1992-01-11,"6\' 1""",198,1521:59,13.0,4.0,10,86.0,82,72.0,0.0,0.0,07:11,1282:22,10,0.0,4.65,0.0,0.0,0.0,0.0,232:26,99.0,0.0,17.0,1896.0,18:33,15:38,02:50,00:05,,,,,,,,,,,,,,,,,,,,,"25 years, 274 days",Yes
83,8475958,20162017,1992-07-25,"6\' 0""",179,423:50,7.0,2.0,9,33.0,38,39.0,1.0,2.0,25:04,393:07,9,43.94,6.06,0.0,0.0,0.0,0.0,05:39,16.0,-5.0,9.0,626.0,11:09,10:20,00:08,00:39,,,,,,,,,,,,,,,,,,,,,"24 years, 190 days",No
84,8476200,20162017,1988-11-30,"6\' 1""",201,165:54,3.0,0.0,22,19.0,21,48.0,0.0,0.0,00:11,165:33,22,0.0,0.0,0.0,0.0,0.0,0.0,00:10,16.0,-4.0,3.0,255.0,07:54,07:53,00:00,00:00,,,,,,,,,,,,,,,,,,,,,"28 years, 62 days",No
85,8476389,20162017,1993-07-11,"5\' 10""",183,1707:53,31.0,23.0,43,230.0,82,164.0,2.0,12.0,224:07,1326:26,43,50.18,10.0,2.0,1.0,0.0,1.0,157:20,51.0,-13.0,54.0,2101.0,20:49,16:10,01:55,02:43,,,,,,,,,,,,,,,,,,,,,"23 years, 204 days",Yes
86,8476415,20162017,1992-10-24,"5\' 9""",171,230:24,1.0,2.0,4,21.0,24,24.0,0.0,0.0,05:05,225:19,4,66.66,9.52,0.0,0.0,0.0,0.0,00:00,3.0,-3.0,3.0,324.0,09:36,09:23,00:00,00:12,,,,,,,,,,,,,,,,,,,,,"24 years, 99 days",No
87,8476456,20162017,1993-06-04,"6\' 1""",202,555:30,16.0,10.0,13,86.0,31,18.0,3.0,7.0,78:45,473:52,13,44.44,11.63,2.0,1.0,0.0,0.0,02:53,7.0,-2.0,26.0,697.0,17:55,15:17,00:05,02:32,,,,,,,,,,,,,,,,,,,,,"23 years, 241 days",No
88,8476495,20162017,1993-01-04,"5\' 9""",190,305:37,5.0,0.0,8,21.0,24,30.0,0.0,1.0,32:07,273:29,8,25.0,0.0,0.0,0.0,0.0,0.0,00:01,5.0,6.0,5.0,421.0,12:44,11:23,00:00,01:20,,,,,,,,,,,,,,,,,,,,,"24 years, 27 days",No
89,8476539,20162017,1990-12-27,"5\' 9""",184,1268:19,21.0,30.0,38,193.0,75,105.0,8.0,18.0,202:23,1062:23,38,45.18,15.54,6.0,1.0,0.0,0.0,03:33,17.0,-21.0,51.0,1567.0,16:54,14:09,00:02,02:41,,,,,,,,,,,,,,,,,,,,,"26 years, 35 days",No
90,8476875,20162017,1994-02-27,"6\' 2""",188,1705:17,10.0,7.0,36,179.0,81,69.0,0.0,1.0,41:05,1453:51,36,100.0,3.91,0.0,0.0,0.0,1.0,210:21,118.0,-5.0,17.0,1952.0,21:03,17:56,02:35,00:30,,,,,,,,,,,,,,,,,,,,,"22 years, 339 days",No
91,8477346,20162017,1994-01-07,"6\' 0""",200,52:20,0.0,0.0,4,3.0,3,4.0,0.0,0.0,05:45,46:35,4,0.0,0.0,0.0,0.0,0.0,0.0,00:00,1.0,0.0,0.0,62.0,17:26,15:31,00:00,01:55,,,,,,,,,,,,,,,,,,,,,"23 years, 24 days",No
92,8477452,20162017,1995-08-05,"6\' 3""",218,39:46,1.0,0.0,0,0.0,3,3.0,0.0,0.0,00:00,39:46,0,0.0,0.0,0.0,0.0,0.0,0.0,00:00,2.0,0.0,1.0,52.0,13:15,13:15,00:00,00:00,,,,,,,,,,,,,,,,,,,,,"21 years, 179 days",No
93,8477493,20162017,1995-09-02,"6\' 3""",215,1183:30,31.0,21.0,10,142.0,61,39.0,3.0,14.0,177:29,927:57,10,46.53,14.79,5.0,2.0,0.0,0.0,78:04,30.0,13.0,52.0,1469.0,19:24,15:12,01:16,02:54,,,,,,,,,,,,,,,,,,,,,"21 years, 151 days",No
94,8477932,20162017,1996-02-07,"6\' 4""",215,1459:17,11.0,10.0,58,225.0,68,88.0,4.0,8.0,189:29,1214:38,58,0.0,4.44,2.0,1.0,1.0,1.0,55:10,62.0,-23.0,21.0,1618.0,21:27,17:51,00:48,02:47,,,,,,,,,,,,,,,,,,,,,"20 years, 359 days",No
95,8477955,20162017,1996-05-31,"6\' 1""",185,337:25,6.0,1.0,4,44.0,29,28.0,0.0,1.0,28:38,308:13,4,39.04,2.27,0.0,0.0,0.0,0.0,00:34,6.0,-1.0,7.0,465.0,11:38,10:37,00:01,00:59,,,,,,,,,,,,,,,,,,,,,"20 years, 245 days",No
96,8478843,20162017,1997-01-18,"5\' 9""",177,528:12,4.0,6.0,8,67.0,47,34.0,2.0,2.0,52:20,475:37,8,36.41,8.96,1.0,1.0,0.0,0.0,00:15,15.0,-5.0,10.0,720.0,11:14,10:07,00:00,01:06,,,,,,,,,,,,,,,,,,,,,"20 years, 281 days",No
97,8466141,20162017,1979-04-04,"6\' 3""",215,2327:10,,,,,40,,,,,,,,,,,,,,,,,,58:10,,,,6.0,1.0,,17.0,15.0,1113.0,157.0,35.0,921.0,37.0,1010.0,170.0,0.914544,2.682064,39.0,1217.0,104.0,92.3529411764706,94.5945945945946,91.1881188118812,"37 years, 302 days",No
98,8473499,20162017,1987-01-03,"6\' 4""",218,313:07,,,,,7,,,,,,,,,,,,,,,,,,44:43,,,,0.0,0.0,,0.0,5.0,127.0,20.0,4.0,103.0,6.0,117.0,22.0,0.875862,3.449194,4.0,145.0,18.0,90.9090909090909,66.66666666666666,88.03418803418803,"30 years, 28 days",No
99,8473503,20162017,1988-03-15,"6\' 3""",205,2324:35,,,,,43,,,,,,,,,,,,,,,,,,54:03,,,,5.0,3.0,,18.0,16.0,1124.0,145.0,17.0,962.0,21.0,1035.0,166.0,0.919804,2.529486,39.0,1222.0,98.0,87.34939759036145,80.95238095238095,92.94685990338164,"28 years, 322 days",No
100,8468001,20172018,1981-06-11,"5\' 11""",177,848:06,11.0,3.0,31,86.0,75,124.0,0.0,0.0,03:00,672:31,31,52.06,3.49,0.0,0.0,1.0,4.0,172:35,45.0,-9.0,14.0,1309.0,11:18,08:58,02:18,00:02,,,,,,,,,,,,,,,,,,,,,"36 years, 234 days",No
101,8468085,20172018,1981-06-13,"6\' 1""",194,542:01,9.0,5.0,16,88.0,42,15.0,2.0,4.0,55:12,486:45,16,33.33,5.68,0.0,0.0,0.0,0.0,00:04,16.0,-7.0,14.0,804.0,12:54,11:35,00:00,01:18,,,,,,,,,,,,,,,,,,,,,"36 years, 232 days",No
102,8471735,20172018,1986-09-09,"6\' 1""",192,2008:06,48.0,8.0,35,179.0,82,26.0,1.0,18.0,270:31,1554:16,35,0.0,4.47,1.0,0.0,0.0,2.0,183:19,101.0,7.0,56.0,2410.0,24:29,18:57,02:14,03:17,,,,,,,,,,,,,,,,,,,,,"31 years, 144 days",Yes
103,8473465,20172018,1988-08-05,"6\' 1""",205,1022:31,16.0,13.0,33,116.0,76,120.0,4.0,6.0,119:58,901:03,33,26.92,11.21,0.0,0.0,0.0,0.0,01:30,22.0,-5.0,29.0,1474.0,13:27,11:51,00:01,01:34,,,,,,,,,,,,,,,,,,,,,"29 years, 179 days",No
104,8474098,20172018,1989-04-20,"6\' 0""",190,1021:24,13.0,11.0,24,141.0,76,84.0,0.0,0.0,04:26,838:36,24,48.73,7.8,2.0,0.0,1.0,3.0,178:22,69.0,6.0,24.0,1444.0,13:26,11:02,02:20,00:03,,,,,,,,,,,,,,,,,,,,,"28 years, 286 days",No
105,8474149,20172018,1989-03-12,"5\' 11""",185,1383:43,37.0,28.0,8,188.0,74,27.0,6.0,13.0,245:47,1137:42,8,0.0,14.89,6.0,0.0,0.0,0.0,00:14,33.0,10.0,65.0,1669.0,18:41,15:22,00:00,03:19,,,,,,,,,,,,,,,,,,,,,"28 years, 325 days",No
106,8474230,20172018,1986-03-30,"5\' 11""",213,584:19,6.0,3.0,212,55.0,75,124.0,0.0,0.0,02:21,576:36,212,47.5,5.45,1.0,0.0,0.0,0.0,05:22,23.0,-13.0,9.0,895.0,07:47,07:41,00:04,00:01,,,,,,,,,,,,,,,,,,,,,"31 years, 307 days",No
107,8475736,20172018,1992-02-25,"6\' 0""",203,523:12,8.0,4.0,19,62.0,44,82.0,0.0,0.0,04:20,480:20,19,18.75,6.45,2.0,0.0,0.0,0.0,38:32,28.0,-6.0,12.0,756.0,11:53,10:55,00:52,00:05,,,,,,,,,,,,,,,,,,,,,"25 years, 340 days",No
108,8475755,20172018,1992-03-03,"6\' 4""",210,982:00,11.0,2.0,98,60.0,67,142.0,0.0,0.0,01:36,952:41,98,0.0,3.33,1.0,0.0,0.0,0.0,27:43,74.0,-2.0,13.0,1278.0,14:39,14:13,00:24,00:01,,,,,,,,,,,,,,,,,,,,,"25 years, 334 days",No
109,8475760,20172018,1992-07-17,"6\' 6""",209,1239:49,30.0,19.0,41,230.0,82,95.0,1.0,7.0,124:48,1114:01,41,51.0,8.26,1.0,0.0,0.0,0.0,01:00,19.0,5.0,49.0,1693.0,15:07,13:35,00:00,01:31,,,,,,,,,,,,,,,,,,,,,"25 years, 198 days",Yes
110,8475796,20172018,1992-01-11,"6\' 1""",198,1538:25,13.0,3.0,20,106.0,82,102.0,0.0,0.0,07:34,1361:23,20,0.0,2.83,0.0,0.0,0.0,0.0,169:28,123.0,-8.0,16.0,2118.0,18:45,16:36,02:04,00:05,,,,,,,,,,,,,,,,,,,,,"26 years, 274 days",Yes
111,8476322,20172018,1992-02-02,"5\' 11""",179,78:32,0.0,0.0,0,6.0,8,4.0,0.0,0.0,00:00,66:22,0,36.66,0.0,0.0,0.0,0.0,0.0,12:10,2.0,-2.0,0.0,123.0,09:49,08:17,01:31,00:00,,,,,,,,,,,,,,,,,,,,,"25 years, 363 days",No
112,8476389,20172018,1993-07-11,"5\' 10""",183,1751:52,44.0,31.0,54,287.0,82,145.0,13.0,27.0,285:13,1318:31,54,54.09,10.8,5.0,0.0,3.0,4.0,148:08,55.0,-9.0,75.0,2168.0,21:21,16:04,01:48,03:28,,,,,,,,,,,,,,,,,,,,,"24 years, 204 days",Yes
113,8476456,20172018,1993-06-04,"6\' 1""",202,1574:55,42.0,27.0,32,204.0,82,41.0,7.0,19.0,278:02,1288:45,32,47.72,13.24,4.0,0.0,0.0,0.0,08:08,42.0,-2.0,69.0,1912.0,19:12,15:42,00:05,03:23,,,,,,,,,,,,,,,,,,,,,"24 years, 241 days",Yes
114,8476875,20172018,1994-02-27,"6\' 2""",188,1728:19,17.0,10.0,61,167.0,81,53.0,1.0,4.0,90:11,1492:59,61,0.0,5.99,2.0,1.0,0.0,1.0,145:09,137.0,-1.0,27.0,2182.0,21:20,18:25,01:47,01:06,,,,,,,,,,,,,,,,,,,,,"23 years, 338 days",No
115,8477346,20172018,1994-01-07,"6\' 0""",200,874:20,6.0,2.0,32,58.0,60,108.0,0.0,0.0,22:57,842:55,32,0.0,3.45,0.0,0.0,0.0,0.0,08:28,69.0,5.0,8.0,1153.0,14:34,14:02,00:08,00:22,,,,,,,,,,,,,,,,,,,,,"24 years, 24 days",No
116,8477452,20172018,1995-08-05,"6\' 3""",218,572:53,1.0,3.0,25,26.0,38,71.0,0.0,0.0,00:45,530:25,25,0.0,11.54,1.0,0.0,0.0,0.0,41:43,43.0,-10.0,4.0,764.0,15:04,13:57,01:05,00:01,,,,,,,,,,,,,,,,,,,,,"22 years, 179 days",No
117,8477493,20172018,1995-09-02,"6\' 3""",215,1743:32,51.0,27.0,14,256.0,79,30.0,5.0,17.0,267:10,1337:52,14,53.5,10.55,3.0,0.0,5.0,5.0,138:30,67.0,9.0,78.0,2155.0,22:04,16:56,01:45,03:22,,,,,,,,,,,,,,,,,,,,,"22 years, 151 days",No
118,8477583,20172018,1993-02-08,"5\' 9""",170,03:25,0.0,0.0,0,0.0,1,1.0,0.0,0.0,00:00,03:25,0,0.0,0.0,0.0,0.0,0.0,0.0,00:00,0.0,0.0,0.0,6.0,03:25,03:25,00:00,00:00,,,,,,,,,,,,,,,,,,,,,"24 years, 357 days",No
119,8477932,20172018,1996-02-07,"6\' 4""",215,1917:54,22.0,16.0,71,189.0,82,69.0,5.0,11.0,174:23,1559:42,71,0.0,8.47,4.0,1.0,0.0,0.0,183:49,121.0,9.0,38.0,2376.0,23:23,19:01,02:14,02:07,,,,,,,,,,,,,,,,,,,,,"21 years, 358 days",Yes
120,8477955,20172018,1996-05-31,"6\' 1""",185,901:21,19.0,9.0,30,143.0,68,43.0,1.0,1.0,44:50,818:59,30,38.54,6.29,4.0,1.0,0.0,1.0,37:32,32.0,11.0,28.0,1345.0,13:15,12:02,00:33,00:39,,,,,,,,,,,,,,,,,,,,,"21 years, 245 days",No
121,8478211,20172018,1995-11-24,"6\' 0""",192,116:11,1.0,0.0,2,12.0,11,22.0,0.0,0.0,00:50,115:15,2,25.0,0.0,0.0,0.0,0.0,0.0,00:06,4.0,-5.0,1.0,177.0,10:33,10:28,00:00,00:04,,,,,,,,,,,,,,,,,,,,,"22 years, 68 days",No
122,8478366,20172018,1994-03-14,"5\' 11""",197,444:24,3.0,7.0,34,72.0,41,51.0,0.0,0.0,28:57,415:27,34,52.63,9.72,0.0,0.0,0.0,0.0,00:00,15.0,3.0,10.0,650.0,10:50,10:07,00:00,00:42,,,,,,,,,,,,,,,,,,,,,"23 years, 323 days",No
123,8478843,20172018,1997-01-18,"5\' 9""",177,706:30,11.0,11.0,6,79.0,51,48.0,1.0,6.0,62:50,643:16,6,42.62,13.92,3.0,0.0,0.0,0.0,00:24,24.0,4.0,22.0,985.0,13:51,12:36,00:00,01:13,,,,,,,,,,,,,,,,,,,,,"21 years, 281 days",No
124,8479404,20172018,1997-08-06,"6\' 3""",199,50:38,0.0,1.0,0,6.0,4,1.0,0.0,0.0,05:21,45:17,0,40.54,16.67,0.0,0.0,0.0,0.0,00:00,1.0,-1.0,1.0,72.0,12:39,11:19,00:00,01:20,,,,,,,,,,,,,,,,,,,,,"20 years, 178 days",No
125,8479553,20172018,1995-01-13,"6\' 2""",206,273:32,1.0,3.0,7,28.0,26,51.0,0.0,0.0,02:19,271:13,7,0.0,10.71,1.0,0.0,0.0,0.0,00:00,9.0,2.0,4.0,398.0,10:31,10:25,00:00,00:05,,,,,,,,,,,,,,,,,,,,,"23 years, 276 days",No
126,8480015,20172018,1999-02-16,"6\' 1""",207,77:49,0.0,1.0,0,17.0,7,3.0,0.0,0.0,12:04,65:22,0,0.0,5.88,0.0,0.0,0.0,0.0,00:23,4.0,-6.0,1.0,115.0,11:07,09:20,00:03,01:43,,,,,,,,,,,,,,,,,,,,,"18 years, 349 days",No
127,8480164,20172018,1994-02-28,"5\' 9""",165,68:30,1.0,0.0,0,3.0,5,5.0,0.0,0.0,08:59,59:31,0,0.0,0.0,0.0,0.0,0.0,0.0,00:00,3.0,0.0,1.0,98.0,13:42,11:54,00:00,01:47,,,,,,,,,,,,,,,,,,,,,"23 years, 337 days",No
128,8466141,20172018,1979-04-04,"6\' 3""",215,1965:58,,,,,35,,,,,,,,,,,,,,,,,,56:10,,,,2.0,3.0,0.0,18.0,11.0,1062.0,141.0,35.0,886.0,36.0,950.0,157.0,0.929134,2.472066,33.0,1143.0,81.0,89.80891719745223,97.22222222222221,93.26315789473684,"38 years, 302 days",No
129,8473503,20172018,1988-03-15,"6\' 3""",205,2411:25,,,,,44,,,,,,,,,,,,,,,,,,54:48,,,,6.0,4.0,0.0,22.0,14.0,1253.0,213.0,25.0,1015.0,27.0,1110.0,236.0,0.9126,2.985797,42.0,1373.0,120.0,90.2542372881356,92.5925925925926,91.44144144144144,"29 years, 322 days",No
130,8474550,20172018,1983-08-29,"6\' 2""",209,1213:06,,,,,24,,,,,,,,,,,,,,,,,,50:32,,,,4.0,1.0,0.0,7.0,9.0,647.0,117.0,17.0,513.0,17.0,553.0,140.0,0.911268,3.115984,20.0,710.0,63.0,83.57142857142857,100.0,92.76672694394213,"34 years, 155 days",No
131,8474667,20172018,1989-12-29,"6\' 1""",205,492:36,,,,,9,,,,,,,,,,,,,,,,,,54:44,,,,0.0,0.0,0.0,4.0,4.0,247.0,36.0,9.0,202.0,11.0,219.0,41.0,0.911439,2.923264,7.0,271.0,24.0,87.8048780487805,81.81818181818183,92.23744292237443,"28 years, 33 days",No
132,8468001,20182019,1981-06-11,"5\' 11""",177,02:43,0.0,0.0,0,0.0,1,0.0,0.0,0.0,00:00,02:43,0,66.66,0.0,0.0,0.0,0.0,0.0,00:00,0.0,0.0,0.0,4.0,02:43,02:43,00:00,00:00,,,,,,,,,,,,,,,,,,,,,"37 years, 234 days",No
133,8471426,20182019,1985-08-17,"6\' 3""",213,951:40,9.0,12.0,47,86.0,75,177.0,0.0,0.0,21:47,805:31,47,37.25,13.95,1.0,0.0,1.0,1.0,124:22,38.0,-6.0,21.0,1384.0,12:41,10:44,01:39,00:17,,,,,,,,,,,,,,,,,,,,,"33 years, 167 days",No
134,8471735,20182019,1986-09-09,"6\' 1""",192,1840:22,53.0,9.0,50,199.0,82,47.0,7.0,39.0,291:23,1518:09,50,0.0,4.52,2.0,0.0,0.0,0.0,30:50,76.0,-17.0,62.0,2304.0,22:26,18:30,00:22,03:33,,,,,,,,,,,,,,,,,,,,,"32 years, 144 days",Yes
135,8473465,20182019,1988-08-05,"6\' 1""",205,202:52,3.0,4.0,6,23.0,19,34.0,1.0,1.0,20:10,182:35,6,100.0,17.39,1.0,0.0,0.0,0.0,00:07,3.0,-5.0,7.0,292.0,10:40,09:36,00:00,01:03,,,,,,,,,,,,,,,,,,,,,"30 years, 179 days",No
136,8473544,20182019,1987-09-22,"6\' 1""",202,1049:40,9.0,14.0,39,110.0,70,102.0,2.0,5.0,111:20,932:13,39,48.12,12.73,0.0,0.0,0.0,0.0,06:07,15.0,-19.0,23.0,1406.0,14:59,13:19,00:05,01:35,,,,,,,,,,,,,,,,,,,,,"31 years, 131 days",No
137,8474098,20182019,1989-04-20,"6\' 0""",190,725:25,10.0,5.0,15,116.0,59,89.0,0.0,1.0,02:53,603:16,15,35.45,4.31,0.0,0.0,0.0,0.0,119:16,58.0,-2.0,15.0,1055.0,12:17,10:13,02:01,00:02,,,,,,,,,,,,,,,,,,,,,"29 years, 286 days",No
138,8474149,20182019,1989-03-12,"5\' 11""",185,1506:26,42.0,28.0,8,195.0,82,33.0,8.0,17.0,275:09,1230:31,8,40.0,14.36,4.0,0.0,0.0,0.0,00:46,42.0,-6.0,70.0,1834.0,18:22,15:00,00:00,03:21,,,,,,,,,,,,,,,,,,,,,"29 years, 325 days",Yes
139,8474230,20182019,1986-03-30,"5\' 11""",213,347:55,4.0,2.0,75,34.0,43,76.0,0.0,0.0,01:45,345:39,75,43.33,5.88,0.0,0.0,0.0,0.0,00:31,16.0,-2.0,6.0,536.0,08:05,08:02,00:00,00:02,,,,,,,,,,,,,,,,,,,,,"32 years, 307 days",No
140,8474884,20182019,1989-11-24,"6\' 0""",184,1462:42,34.0,36.0,30,253.0,82,42.0,17.0,35.0,282:02,1179:28,30,34.21,14.23,6.0,3.0,0.0,0.0,01:12,26.0,-24.0,70.0,1740.0,17:50,14:23,00:00,03:26,,,,,,,,,,,,,,,,,,,,,"29 years, 68 days",Yes
141,8475227,20182019,1990-01-07,"5\' 10""",180,326:26,5.0,2.0,18,27.0,25,35.0,0.0,1.0,53:38,272:25,18,0.0,7.41,1.0,0.0,0.0,0.0,00:23,26.0,-12.0,7.0,470.0,13:03,10:53,00:00,02:08,,,,,,,,,,,,,,,,,,,,,"29 years, 24 days",No
142,8475755,20182019,1992-03-03,"6\' 4""",210,578:25,2.0,0.0,26,47.0,35,116.0,0.0,0.0,05:36,527:41,26,0.0,0.0,0.0,0.0,0.0,0.0,45:08,53.0,-15.0,2.0,785.0,16:31,15:04,01:17,00:09,,,,,,,,,,,,,,,,,,,,,"26 years, 334 days",No
143,8475760,20182019,1992-07-17,"6\' 6""",209,967:37,12.0,14.0,30,154.0,64,126.0,2.0,6.0,95:49,870:09,30,49.43,9.09,2.0,0.0,0.0,0.0,01:39,27.0,6.0,26.0,1340.0,15:07,13:35,00:01,01:29,,,,,,,,,,,,,,,,,,,,,"26 years, 198 days",No
144,8475772,20182019,1991-12-07,"6\' 2""",216,1103:51,10.0,9.0,17,110.0,82,72.0,0.0,0.0,04:10,936:24,17,52.32,8.18,2.0,0.0,1.0,2.0,163:17,44.0,-9.0,19.0,1627.0,13:27,11:25,01:59,00:03,,,,,,,,,,,,,,,,,,,,,"27 years, 55 days",Yes
145,8475796,20182019,1992-01-11,"6\' 1""",198,1278:50,10.0,1.0,26,64.0,70,133.0,0.0,0.0,03:30,1152:57,26,0.0,1.56,0.0,0.0,0.0,1.0,122:23,89.0,-1.0,11.0,1798.0,18:16,16:28,01:44,00:03,,,,,,,,,,,,,,,,,,,,,"27 years, 274 days",No
146,8476389,20182019,1993-07-11,"5\' 10""",183,1081:16,24.0,10.0,54,158.0,55,112.0,3.0,13.0,135:31,855:35,54,51.82,6.33,1.0,0.0,1.0,1.0,90:10,42.0,-9.0,34.0,1366.0,19:39,15:33,01:38,02:27,,,,,,,,,,,,,,,,,,,,,"25 years, 204 days",No
147,8476456,20182019,1993-06-04,"6\' 1""",202,1545:59,62.0,30.0,40,226.0,82,57.0,11.0,34.0,279:58,1252:01,40,63.15,13.27,5.0,0.0,0.0,0.0,14:00,45.0,-14.0,92.0,1846.0,18:51,15:16,00:10,03:24,,,,,,,,,,,,,,,,,,,,,"25 years, 241 days",Yes
148,8476875,20182019,1994-02-27,"6\' 2""",188,1673:51,19.0,8.0,44,129.0,75,63.0,0.0,6.0,59:56,1434:12,44,0.0,6.2,2.0,1.0,0.0,2.0,179:43,132.0,-24.0,27.0,2126.0,22:19,19:07,02:23,00:47,,,,,,,,,,,,,,,,,,,,,"24 years, 338 days",No
149,8477346,20182019,1994-01-07,"6\' 0""",200,1085:51,11.0,4.0,64,79.0,64,127.0,0.0,1.0,18:37,974:50,64,100.0,5.06,2.0,0.0,0.0,0.0,92:24,103.0,-3.0,15.0,1471.0,16:57,15:13,01:26,00:17,,,,,,,,,,,,,,,,,,,,,"25 years, 24 days",No
150,8477384,20182019,1994-01-21,"6\' 5""",220,492:07,1.0,1.0,28,28.0,37,80.0,0.0,0.0,01:08,460:46,28,0.0,3.57,0.0,0.0,0.0,0.0,30:13,31.0,-3.0,2.0,723.0,13:18,12:27,00:49,00:01,,,,,,,,,,,,,,,,,,,,,"25 years, 304 days",No
151,8477452,20182019,1995-08-05,"6\' 3""",218,253:04,1.0,1.0,8,15.0,19,41.0,0.0,0.0,00:09,234:06,8,0.0,6.67,0.0,0.0,0.0,0.0,18:49,13.0,-2.0,2.0,350.0,13:19,12:19,00:59,00:00,,,,,,,,,,,,,,,,,,,,,"23 years, 179 days",No
152,8477493,20182019,1995-09-02,"6\' 3""",215,1833:01,61.0,35.0,8,206.0,82,28.0,13.0,31.0,288:19,1375:06,8,53.68,16.99,5.0,2.0,0.0,1.0,169:36,61.0,-3.0,96.0,2218.0,22:21,16:46,02:04,03:30,,,,,,,,,,,,,,,,,,,,,"23 years, 151 days",Yes
153,8477932,20182019,1996-02-07,"6\' 4""",215,1938:49,24.0,13.0,47,180.0,82,114.0,5.0,10.0,139:17,1610:48,47,0.0,7.22,1.0,1.0,0.0,0.0,188:44,88.0,1.0,37.0,2468.0,23:38,19:38,02:18,01:41,,,,,,,,,,,,,,,,,,,,,"22 years, 358 days",Yes
154,8477955,20182019,1996-05-31,"6\' 1""",185,1133:00,16.0,19.0,31,150.0,78,77.0,1.0,3.0,63:30,977:31,31,46.21,12.67,2.0,0.0,4.0,4.0,91:59,51.0,-1.0,35.0,1696.0,14:31,12:31,01:10,00:48,,,,,,,,,,,,,,,,,,,,,"22 years, 245 days",No
155,8477963,20182019,1996-01-01,"5\' 11""",196,396:06,5.0,7.0,16,35.0,42,101.0,0.0,1.0,05:53,390:13,16,73.68,20.0,0.0,0.0,0.0,0.0,00:00,25.0,-8.0,12.0,588.0,09:25,09:17,00:00,00:08,,,,,,,,,,,,,,,,,,,,,"23 years, 30 days",No
156,8477996,20182019,1996-01-29,"6\' 2""",191,437:16,6.0,0.0,6,39.0,40,45.0,0.0,0.0,03:02,365:11,6,42.77,0.0,0.0,0.0,0.0,1.0,69:03,21.0,-7.0,6.0,665.0,10:55,09:07,01:43,00:04,,,,,,,,,,,,,,,,,,,,,"23 years, 312 days",No
157,8478211,20182019,1995-11-24,"6\' 0""",192,342:56,7.0,3.0,8,53.0,31,65.0,0.0,0.0,02:00,340:27,8,0.0,5.66,0.0,0.0,0.0,0.0,00:29,9.0,0.0,10.0,469.0,11:03,10:58,00:00,00:03,,,,,,,,,,,,,,,,,,,,,"23 years, 68 days",No
158,8478366,20182019,1994-03-14,"5\' 11""",197,1187:39,15.0,24.0,38,208.0,81,139.0,2.0,8.0,134:48,1051:01,38,39.47,11.54,1.0,0.0,0.0,0.0,01:50,74.0,-10.0,39.0,1620.0,14:39,12:58,00:01,01:39,,,,,,,,,,,,,,,,,,,,,"24 years, 323 days",No
159,8478843,20182019,1997-01-18,"5\' 9""",177,644:28,9.0,7.0,14,66.0,50,40.0,0.0,1.0,25:14,592:05,14,39.13,10.61,0.0,0.0,0.0,0.0,27:09,21.0,-10.0,16.0,944.0,12:53,11:50,00:32,00:30,,,,,,,,,,,,,,,,,,,,,"22 years, 281 days",No
160,8479388,20182019,1998-03-09,"6\' 1""",196,11:22,0.0,0.0,2,1.0,1,5.0,0.0,0.0,00:00,11:22,2,0.0,0.0,0.0,0.0,0.0,0.0,00:00,0.0,0.0,0.0,19.0,11:22,11:22,00:00,00:00,,,,,,,,,,,,,,,,,,,,,"20 years, 328 days",No
161,8479404,20182019,1997-08-06,"6\' 3""",199,600:09,10.0,8.0,4,54.0,50,11.0,3.0,7.0,55:37,543:30,4,40.74,14.81,0.0,0.0,0.0,0.0,01:02,12.0,-14.0,18.0,852.0,12:00,10:52,00:01,01:06,,,,,,,,,,,,,,,,,,,,,"21 years, 178 days",No
162,8479439,20182019,1993-02-26,"6\' 0""",204,24:06,0.0,1.0,0,1.0,2,1.0,0.0,0.0,01:20,22:46,0,0.0,100.0,0.0,0.0,0.0,0.0,00:00,1.0,1.0,1.0,33.0,12:03,11:23,00:00,00:40,,,,,,,,,,,,,,,,,,,,,"25 years, 339 days",No
163,8479447,20182019,1993-09-30,"5\' 10""",179,09:30,0.0,0.0,0,2.0,1,0.0,0.0,0.0,00:00,09:30,0,0.0,0.0,0.0,0.0,0.0,0.0,00:00,0.0,-3.0,0.0,16.0,09:30,09:30,00:00,00:00,,,,,,,,,,,,,,,,,,,,,"25 years, 123 days",No
164,8479553,20182019,1995-01-13,"6\' 2""",206,51:26,0.0,0.0,5,8.0,7,10.0,0.0,0.0,00:27,50:59,5,0.0,0.0,0.0,0.0,0.0,0.0,00:00,1.0,-2.0,0.0,79.0,07:20,07:17,00:00,00:03,,,,,,,,,,,,,,,,,,,,,"24 years, 276 days",No
165,8480955,20182019,1990-02-14,"6\' 0""",202,475:20,8.0,0.0,12,14.0,32,49.0,0.0,0.0,00:18,448:54,12,0.0,0.0,0.0,0.0,0.0,0.0,26:08,21.0,-3.0,8.0,628.0,14:51,14:01,00:49,00:00,,,,,,,,,,,,,,,,,,,,,"28 years, 351 days",No
166,8481442,20182019,1996-06-05,"6\' 2""",197,12:40,0.0,0.0,0,1.0,1,2.0,0.0,0.0,00:00,12:40,0,0.0,0.0,0.0,0.0,0.0,0.0,00:00,1.0,1.0,0.0,18.0,12:40,12:40,00:00,00:00,,,,,,,,,,,,,,,,,,,,,"22 years, 240 days",No
167,8466141,20182019,1979-04-04,"6\' 3""",215,2346:38,,,,,43,,,,,,,,,,,,,,,,,,54:34,,,,5.0,1.0,0.0,18.0,16.0,1083.0,96.0,33.0,954.0,42.0,1053.0,110.0,0.898755,3.119362,40.0,1205.0,122.0,87.27272727272727,78.57142857142857,90.5982905982906,"39 years, 302 days",No
168,8473503,20182019,1988-03-15,"6\' 3""",205,1805:11,,,,,36,,,,,,,,,,,,,,,,,,50:08,,,,5.0,0.0,0.0,13.0,12.0,836.0,93.0,30.0,713.0,33.0,785.0,111.0,0.899892,3.091099,29.0,929.0,93.0,83.78378378378379,90.9090909090909,90.828025477707,"30 years, 322 days",No
169,8474636,20182019,1990-03-02,"6\' 3""",201,496:10,,,,,9,,,,,,,,,,,,,,,,,,55:07,,,,2.0,1.0,0.0,3.0,4.0,212.0,26.0,5.0,181.0,6.0,201.0,32.0,0.887029,3.265032,8.0,239.0,27.0,81.25,83.33333333333334,90.04975124378109,"28 years, 335 days",No
170,8478470,20182019,1996-10-30,"6\' 3""",199,591:24,,,,,11,,,,,,,,,,,,,,,,,,53:45,,,,2.0,0.0,0.0,4.0,3.0,252.0,22.0,11.0,219.0,11.0,244.0,27.0,0.893617,3.043625,10.0,282.0,30.0,81.48148148148148,100.0,89.75409836065575,"22 years, 93 days",No
171,8470619,20192020,1984-12-18,"6\' 6""",245,482:38,9.0,6.0,17,56.0,39,65.0,1.0,1.0,34:35,427:58,17,52.39,10.7,1.0,0.0,0.0,0.0,20:05,34.0,-5.0,15.0,641.0,12:22,10:58,00:30,00:53,,,,,,,,,,,,,,,,,,,,,"35 years, 44 days",No
172,8471735,20192020,1986-09-09,"6\' 1""",192,1359:04,40.0,5.0,20,129.0,69,18.0,2.0,21.0,255:42,1099:31,20,0.0,3.9,0.0,0.0,0.0,0.0,03:51,51.0,0.0,45.0,1506.0,19:41,15:56,00:03,03:42,,,,,,,,,,,,,,,,,,,,,"33 years, 144 days",Yes
173,8471873,20192020,1986-08-01,"5\' 11""",193,1453:31,14.0,5.0,14,89.0,69,68.0,0.0,0.0,05:55,1275:40,14,0.0,5.6,3.0,0.0,0.0,1.0,171:56,96.0,-6.0,19.0,1785.0,21:03,18:29,02:29,00:05,,,,,,,,,,,,,,,,,,,,,"33 years, 183 days",Yes
174,8474098,20192020,1989-04-20,"6\' 0""",190,913:58,10.0,6.0,6,114.0,69,91.0,0.0,0.0,01:23,740:03,6,43.91,5.3,0.0,0.0,0.0,0.0,172:32,72.0,2.0,16.0,1267.0,13:14,10:43,02:30,00:01,,,,,,,,,,,,,,,,,,,,,"30 years, 286 days",Yes
175,8474149,20192020,1989-03-12,"5\' 11""",185,1180:16,22.0,25.0,10,167.0,69,29.0,11.0,17.0,230:33,948:59,10,0.0,15.0,2.0,0.0,0.0,0.0,00:44,24.0,-7.0,47.0,1399.0,17:06,13:45,00:00,03:20,,,,,,,,,,,,,,,,,,,,,"30 years, 325 days",Yes
176,8474884,20192020,1989-11-24,"6\' 0""",184,1161:48,30.0,29.0,28,214.0,69,33.0,11.0,21.0,252:23,907:47,28,46.66,13.6,3.0,0.0,0.0,0.0,01:38,22.0,-5.0,59.0,1357.0,16:50,13:09,00:01,03:39,,,,,,,,,,,,,,,,,,,,,"30 years, 68 days",Yes
177,8475287,20192020,1991-03-23,"5\' 11""",191,759:52,12.0,12.0,22,92.0,48,27.0,4.0,8.0,110:23,612:35,22,54.11,13.0,2.0,0.0,0.0,0.0,36:54,15.0,1.0,24.0,973.0,15:49,12:45,00:46,02:17,,,,,,,,,,,,,,,,,,,,,"28 years, 314 days",No
178,8475792,20192020,1992-05-02,"6\' 3""",198,1000:06,14.0,19.0,26,117.0,69,56.0,4.0,6.0,90:06,909:23,26,35.29,16.2,3.0,0.0,0.0,0.0,00:37,17.0,-3.0,33.0,1263.0,14:29,13:10,00:00,01:18,,,,,,,,,,,,,,,,,,,,,"27 years, 274 days",Yes
179,8475796,20192020,1992-01-11,"6\' 1""",198,739:35,9.0,9.0,20,64.0,58,47.0,0.0,0.0,00:35,703:35,20,50.0,14.1,1.0,0.0,0.0,0.0,35:25,38.0,4.0,18.0,997.0,12:45,12:07,00:36,00:00,,,,,,,,,,,,,,,,,,,,,"28 years, 275 days",No
180,8476389,20192020,1993-07-11,"5\' 10""",183,1036:59,27.0,11.0,49,141.0,62,101.0,1.0,7.0,122:21,882:29,49,52.16,7.8,2.0,1.0,1.0,1.0,32:09,37.0,-8.0,38.0,1286.0,16:43,14:14,00:31,01:58,,,,,,,,,,,,,,,,,,,,,"26 years, 204 days",No
181,8476456,20192020,1993-06-04,"6\' 1""",202,1295:13,55.0,23.0,30,152.0,69,51.0,5.0,29.0,246:26,1047:09,30,39.34,15.1,3.0,1.0,0.0,0.0,01:38,26.0,5.0,78.0,1490.0,18:46,15:10,00:01,03:34,,,,,,,,,,,,,,,,,,,,,"26 years, 241 days",Yes
182,8476875,20192020,1994-02-27,"6\' 2""",188,1064:06,12.0,8.0,14,104.0,59,44.0,1.0,2.0,12:24,980:02,14,0.0,7.7,1.0,0.0,0.0,0.0,71:40,53.0,-1.0,20.0,1268.0,18:02,16:36,01:12,00:12,,,,,,,,,,,,,,,,,,,,,"25 years, 338 days",No
183,8476952,20192020,1994-03-09,"6\' 2""",191,512:32,7.0,4.0,37,38.0,46,57.0,0.0,0.0,04:50,487:41,37,47.05,10.5,0.0,0.0,0.0,0.0,20:01,28.0,4.0,11.0,711.0,11:08,10:36,00:26,00:06,,,,,,,,,,,,,,,,,,,,,"25 years, 328 days",No
184,8477346,20192020,1994-01-07,"6\' 0""",200,905:15,11.0,7.0,33,77.0,45,76.0,0.0,0.0,09:18,815:15,33,0.0,9.1,1.0,0.0,0.0,0.0,80:42,71.0,6.0,18.0,1133.0,20:07,18:07,01:47,00:12,,,,,,,,,,,,,,,,,,,,,"26 years, 24 days",No
185,8477384,20192020,1994-01-21,"6\' 5""",220,751:24,5.0,3.0,39,48.0,56,77.0,0.0,0.0,00:12,727:22,39,0.0,6.3,1.0,0.0,0.0,0.0,23:50,53.0,1.0,8.0,964.0,13:25,12:59,00:25,00:00,,,,,,,,,,,,,,,,,,,,,"26 years, 305 days",No
186,8477493,20192020,1995-09-02,"6\' 3""",215,1321:00,42.0,20.0,18,172.0,66,21.0,7.0,20.0,223:45,1023:46,18,54.28,11.6,2.0,0.0,0.0,1.0,73:29,35.0,2.0,62.0,1529.0,20:00,15:30,01:06,03:23,,,,,,,,,,,,,,,,,,,,,"24 years, 151 days",No
187,8477932,20192020,1996-02-07,"6\' 4""",215,1539:25,36.0,5.0,26,147.0,67,34.0,0.0,6.0,96:47,1306:29,26,0.0,3.4,1.0,1.0,0.0,1.0,136:09,84.0,12.0,41.0,1838.0,22:58,19:29,02:01,01:26,,,,,,,,,,,,,,,,,,,,,"23 years, 358 days",No
188,8477963,20192020,1996-01-01,"5\' 11""",196,288:26,7.0,3.0,16,26.0,26,65.0,0.0,0.0,03:49,284:13,16,33.33,11.5,0.0,0.0,0.0,0.0,00:24,9.0,1.0,10.0,409.0,11:05,10:55,00:00,00:08,,,,,,,,,,,,,,,,,,,,,"24 years, 30 days",No
189,8478027,20192020,1995-09-05,"6\' 0""",178,856:28,13.0,12.0,18,84.0,67,57.0,3.0,6.0,70:17,713:06,18,50.33,14.3,0.0,0.0,0.0,1.0,73:05,26.0,0.0,25.0,1222.0,12:46,10:38,01:05,01:02,,,,,,,,,,,,,,,,,,,,,"24 years, 148 days",No
190,8478211,20192020,1995-11-24,"6\' 0""",192,220:21,4.0,0.0,24,33.0,21,37.0,0.0,0.0,01:36,218:45,24,0.0,0.0,0.0,0.0,0.0,0.0,00:00,7.0,0.0,4.0,308.0,10:29,10:25,00:00,00:04,,,,,,,,,,,,,,,,,,,,,"24 years, 68 days",No
191,8478366,20192020,1994-03-14,"5\' 11""",197,1036:10,18.0,16.0,30,162.0,69,102.0,2.0,2.0,100:27,849:07,30,30.0,9.9,4.0,0.0,2.0,2.0,86:36,43.0,-8.0,34.0,1361.0,15:01,12:18,01:15,01:27,,,,,,,,,,,,,,,,,,,,,"25 years, 323 days",Yes
192,8478569,20192020,1991-12-01,"5\' 10""",209,1053:47,7.0,20.0,21,108.0,66,121.0,0.0,0.0,05:27,880:50,21,47.98,18.5,5.0,0.0,1.0,1.0,167:30,103.0,2.0,27.0,1429.0,15:57,13:20,02:32,00:04,,,,,,,,,,,,,,,,,,,,,"28 years, 61 days",No
193,8478839,20192020,1997-01-07,"5\' 10""",200,110:14,2.0,2.0,0,15.0,9,1.0,0.0,1.0,02:49,107:25,0,35.29,13.3,0.0,0.0,0.0,0.0,00:00,3.0,2.0,4.0,134.0,12:14,11:56,00:00,00:18,,,,,,,,,,,,,,,,,,,,,"23 years, 24 days",No
194,8478843,20192020,1997-01-18,"5\' 9""",177,527:35,8.0,4.0,14,50.0,44,35.0,1.0,1.0,39:24,479:29,14,39.87,8.0,0.0,0.0,0.0,1.0,08:42,16.0,-9.0,12.0,725.0,11:59,10:53,00:11,00:53,,,,,,,,,,,,,,,,,,,,,"23 years, 282 days",No
195,8479388,20192020,1998-03-09,"6\' 1""",196,650:02,5.0,0.0,14,39.0,34,59.0,0.0,0.0,01:30,567:50,14,0.0,0.0,0.0,0.0,0.0,0.0,80:42,57.0,-3.0,5.0,837.0,19:07,16:42,02:22,00:02,,,,,,,,,,,,,,,,,,,,,"21 years, 328 days",No
196,8479404,20192020,1997-08-06,"6\' 3""",199,49:32,0.0,0.0,2,3.0,4,1.0,0.0,0.0,06:03,42:44,2,48.14,0.0,0.0,0.0,0.0,0.0,00:45,0.0,-2.0,0.0,69.0,12:23,10:41,00:11,01:30,,,,,,,,,,,,,,,,,,,,,"22 years, 178 days",No
197,8481442,20192020,1996-06-05,"6\' 2""",197,,,,,,,,,,,,,,,,,,,,,,,,,,,,,,,,,,,,,,,,,,,,,,,,"23 years, 240 days",No
198,8475683,20192020,1988-09-20,"6\' 2""",182,2805:59,,,,,50,,,,,,,,,,,,,,,,,,56:07,,,,6,1,0,23,19,1354,190,48,1116,51,1236,218,0.9,3.2288,49,1505,151,87.1559633027523,94.11764705882352,90.29126213592234,"31 years, 133 days",No
199,8476904,20192020,1994-05-18,"6\' 4""",208,642:40,,,,,12,,,,,,,,,,,,,,,,,,53:33,,,,1,1,0,7,2,332,37,8,287,9,304,41,0.938,2.0539,11,354,22,90.2439024390244,88.88888888888889,94.4078947368421,"25 years, 258 days",No
200,8478470,20192020,1996-10-30,"6\' 3""",199,700:45,,,,,14,,,,,,,,,,,,,,,,,,50:03,,,,1,0,0,5,5,317,38,10,269,10,300,46,0.89,3.3393,9,356,39,82.6086956521739,100.0,89.66666666666666,"23 years, 93 days",No
201,8471735,20202021,1986-09-09,"6\' 1""",192,965:32,24,3,38,113,56,18,1,18,249:10,714:14,38,0.0,2.7,1,0,0,0,02:08,27,-8,27,1153,17:14,12:45,00:02,04:26,,,,,,,,,,,,,,,,,,,,,"34 years, 144 days",Yes
202,8471873,20202021,1986-08-01,"5\' 11""",193,720:05,6,3,8,38,38,37,0,0,27:15,630:32,8,0.0,7.9,0,0,0,0,62:18,30,-1,9,950,18:56,16:35,01:38,00:43,,,,,,,,,,,,,,,,,,,,,"34 years, 183 days",No
203,8471887,20202021,1987-01-01,"5\' 11""",189,738:28,18,14,39,145,44,80,8,12,180:27,557:39,39,14.28,9.7,2,0,0,0,00:22,23,-3,32,871,16:47,12:40,00:00,04:06,,,,,,,,,,,,,,,,,,,,,"34 years, 30 days",No
204,8475246,20202021,1990-02-23,"6\' 2""",205,99:30,1,0,7,5,7,12,0,0,00:16,96:27,7,0.0,0.0,0,0,0,0,02:47,3,4,1,135,14:12,13:46,00:23,00:02,,,,,,,,,,,,,,,,,,,,,"30 years, 343 days",No
205,8475462,20202021,1990-06-05,"6\' 0""",208,948:45,9,2,40,84,54,250,0,0,02:46,839:42,40,0.0,2.4,1,0,0,0,106:17,72,6,11,1283,17:34,15:33,01:58,00:03,,,,,,,,,,,,,,,,,,,,,"30 years, 240 days",No
206,8475792,20202021,1992-05-02,"6\' 3""",198,376:29,3,3,4,26,31,44,0,1,25:50,350:25,4,30.76,11.5,0,0,0,0,00:14,8,3,6,493,12:08,11:18,00:00,00:50,,,,,,,,,,,,,,,,,,,,,"28 years, 274 days",No
207,8476456,20202021,1993-06-04,"6\' 1""",202,1012:34,41,20,36,122,55,51,5,24,237:16,774:12,36,43.59,16.4,1,1,0,0,01:06,11,12,61,1166,18:24,14:04,00:01,04:18,,,,,,,,,,,,,,,,,,,,,"27 years, 241 days",No
208,8476994,20202021,1994-04-03,"5\' 10""",177,319:08,8,4,8,33,26,37,0,0,06:50,304:11,8,15.0,12.1,0,0,0,0,08:07,3,0,12,407,12:16,11:41,00:18,00:15,,,,,,,,,,,,,,,,,,,,,"26 years, 303 days",No
209,8477038,20202021,1992-07-08,"5\' 9""",163,444:55,6,4,2,72,31,4,0,2,80:43,364:12,2,0.0,5.6,0,0,0,0,00:00,1,-12,10,554,14:21,11:44,00:00,02:36,,,,,,,,,,,,,,,,,,,,,"28 years, 207 days",No
210,8477346,20202021,1994-01-07,"6\' 0""",200,1194:16,30,6,45,101,54,118,0,3,22:49,1027:35,45,0.0,5.9,1,0,0,2,143:52,83,29,36,1513,22:06,19:01,02:39,00:25,,,,,,,,,,,,,,,,,,,,,"27 years, 24 days",No
211,8477407,20202021,1995-08-26,"5\' 11""",197,674:26,22,10,18,104,43,32,1,2,57:02,592:31,18,0.0,9.6,1,0,0,1,24:53,9,27,32,900,15:41,13:46,00:34,01:19,,,,,,,,,,,,,,,,,,,,,"25 years, 158 days",No
212,8477409,20202021,1995-08-14,"6\' 2""",180,762:32,18,18,31,107,43,33,1,2,58:53,693:10,31,46.93,16.8,3,0,1,1,10:29,14,24,36,932,17:44,16:07,00:14,01:22,,,,,,,,,,,,,,,,,,,,,"25 years, 170 days",No
213,8477493,20202021,1995-09-02,"6\' 3""",215,1046:52,32,26,14,176,50,31,7,19,199:33,776:04,14,54.87,14.8,6,2,1,1,71:15,37,12,58,1208,20:56,15:31,01:25,03:59,,,,,,,,,,,,,,,,,,,,,"25 years, 151 days",No
214,8477505,20202021,1994-09-22,"6\' 2""",197,1017:21,12,17,8,82,56,29,3,6,107:47,766:55,8,49.23,20.7,2,1,1,1,142:39,36,6,29,1290,18:10,13:41,02:32,01:55,,,,,,,,,,,,,,,,,,,,,"26 years, 131 days",Yes
215,8477932,20202021,1996-02-07,"6\' 4""",215,878:11,11,11,33,101,35,24,6,11,135:50,654:16,33,0.0,10.9,3,1,0,0,88:05,27,5,22,1018,25:05,18:41,02:31,03:52,,,,,,,,,,,,,,,,,,,,,"24 years, 359 days",No
216,8477935,20202021,1996-06-20,"6\' 1""",195,692:14,17,10,52,106,48,108,1,3,58:27,587:56,52,47.51,9.4,4,1,0,0,45:51,18,-2,27,938,14:25,12:14,00:57,01:13,,,,,,,,,,,,,,,,,,,,,"24 years, 225 days",No
217,8477986,20202021,1994-04-11,"6\' 0""",194,1024:18,11,7,40,94,50,54,0,1,26:14,911:01,40,0.0,7.4,0,0,2,2,87:03,62,-5,18,1190,20:29,18:13,01:44,00:31,,,,,,,,,,,,,,,,,,,,,"26 years, 295 days",No
218,8477996,20202021,1996-01-29,"6\' 2""",191,476:34,1,4,10,43,44,50,0,0,03:30,430:14,10,44.92,9.3,0,0,1,1,42:50,16,-8,5,713,10:49,09:46,00:58,00:04,,,,,,,,,,,,,,,,,,,,,"25 years, 312 days",No
219,8478027,20202021,1995-09-05,"6\' 0""",178,227:42,3,0,6,11,20,25,0,2,04:47,202:31,6,41.35,0.0,0,0,0,1,20:24,6,-4,3,319,11:23,10:07,01:01,00:14,,,,,,,,,,,,,,,,,,,,,"25 years, 148 days",No
220,8478055,20202021,1996-06-12,"6\' 0""",186,857:33,12,5,8,94,43,30,1,4,19:35,730:56,8,0.0,5.3,0,0,0,0,107:02,42,17,17,1114,19:56,16:59,02:29,00:27,,,,,,,,,,,,,,,,,,,,,"24 years, 233 days",No
221,8478366,20202021,1994-03-14,"5\' 11""",197,812:55,8,18,26,158,56,69,2,4,87:41,718:36,26,20.0,11.4,7,3,0,0,06:38,21,8,26,1045,14:30,12:49,00:07,01:33,,,,,,,,,,,,,,,,,,,,,"26 years, 323 days",Yes
222,8478454,20202021,1997-04-02,"6\' 2""",201,47:52,0,0,0,5,4,9,0,0,00:00,46:40,0,0.0,0.0,0,0,0,0,01:12,4,-3,0,71,11:58,11:40,00:18,00:00,,,,,,,,,,,,,,,,,,,,,"23 years, 304 days",No
223,8478569,20202021,1991-12-01,"5\' 10""",209,631:08,7,4,9,68,41,91,1,3,18:36,502:55,9,52.4,5.9,1,0,0,1,109:37,63,0,11,847,15:23,12:15,02:40,00:27,,,,,,,,,,,,,,,,,,,,,"29 years, 61 days",No
224,8478906,20202021,1994-06-06,"6\' 1""",187,479:16,10,0,12,45,30,35,0,0,15:12,454:25,12,0.0,0.0,0,0,0,0,09:39,13,1,10,655,15:58,15:08,00:19,00:30,,,,,,,,,,,,,,,,,,,,,"26 years, 239 days",No
225,8478975,20202021,1995-06-18,"6\' 4""",209,466:29,8,2,18,50,33,73,0,0,28:45,436:09,18,38.23,4.0,0,0,0,0,01:35,8,4,10,611,14:08,13:13,00:02,00:52,,,,,,,,,,,,,,,,,,,,,"25 years, 227 days",No
226,8479066,20202021,1994-12-09,"5\' 9""",187,330:25,2,2,67,47,34,90,0,0,01:21,313:58,67,0.0,4.3,0,0,0,0,15:06,10,-2,4,465,09:43,09:14,00:26,00:02,,,,,,,,,,,,,,,,,,,,,"26 years, 53 days",No
227,8479388,20202021,1998-03-09,"6\' 1""",196,322:39,0,1,16,29,21,51,0,0,00:16,300:13,16,0.0,3.4,0,0,0,0,22:10,29,5,1,413,15:21,14:17,01:03,00:00,,,,,,,,,,,,,,,,,,,,,"22 years, 328 days",No
228,8480015,20202021,1999-02-16,"6\' 1""",207,516:39,11,7,6,86,45,59,2,3,35:08,481:26,6,66.66,8.1,2,0,0,0,00:05,5,-5,18,683,11:28,10:41,00:00,00:46,,,,,,,,,,,,,,,,,,,,,"21 years, 350 days",No
229,8480037,20202021,1999-01-09,"5\' 10""",155,110:08,1,1,2,15,9,0,0,0,01:28,107:22,2,0.0,6.7,1,1,0,0,01:18,1,1,2,150,12:14,11:55,00:08,00:09,,,,,,,,,,,,,,,,,,,,,"22 years, 22 days",No
230,8480185,20202021,1998-09-02,"6\' 3""",190,578:01,5,3,12,34,44,55,0,0,01:35,483:20,12,47.99,8.8,1,0,0,0,93:06,25,-11,8,821,13:08,10:59,02:06,00:02,,,,,,,,,,,,,,,,,,,,,"22 years, 151 days",No
231,8480844,20202021,2000-06-24,"5\' 11""",186,83:35,4,0,2,6,7,15,0,0,01:10,82:25,2,50.0,0.0,0,0,0,0,00:00,2,1,4,115,11:56,11:46,00:00,00:10,,,,,,,,,,,,,,,,,,,,,"20 years, 221 days",No
232,8481442,20202021,1996-06-05,"6\' 2""",197,09:28,0,0,0,0,1,1,0,0,02:16,07:12,0,0.0,0.0,0,0,0,0,00:00,0,0,0,12,09:28,07:12,00:00,02:16,,,,,,,,,,,,,,,,,,,,,"24 years, 240 days",No
233,8482641,20202021,1998-04-14,"6\' 0""",181,106:12,0,0,2,6,7,1,0,0,03:47,99:24,2,0.0,0.0,0,0,0,0,03:01,10,-4,0,139,15:10,14:12,00:25,00:32,,,,,,,,,,,,,,,,,,,,,"22 years, 292 days",No
234,8475683,20202021,1988-09-20,"6\' 2""",182,1816:28,,,,,31,,,,,,,,,,,,,,,,,,58:35,,,,2,0,0,19,8,847,131,40,676,42,741,152,0.906,2.9067,30,935,88,86.18421052631578,95.23809523809523,91.22807017543859,"32 years, 133 days",No
235,8476904,20202021,1994-05-18,"6\' 4""",208,1361:36,,,,,23,,,,,,,,,,,,,,,,,,59:12,,,,3,3,0,14,6,593,81,18,494,19,529,92,0.927,2.0711,23,640,47,88.04347826086956,94.73684210526315,93.38374291115312,"26 years, 258 days",No
236,8481519,20202021,2001-04-19,"6\' 3""",192,206:54,,,,,4,,,,,,,,,,,,,,,,,,51:43,,,,0,0,0,4,0,91,7,3,81,3,87,9,0.919,2.32,3,99,8,77.77777777777779,100.0,93.10344827586206,"19 years, 287 days",No
237,8466138,20212022,1979-07-02,"6\' 4""",220,377:36,5,5,10,26,34,20,3,3,44:38,332:28,10,44.0,19.2,1,0,0,0,00:30,10,-10,10,520,11:06,09:46,00:00,01:18,,,,,,,,,,,,,,,,,,,,,"42 years, 213 days",No
238,8471887,20212022,1987-01-01,"5\' 11""",189,823:34,17,11,19,165,65,112,3,7,137:27,686:01,19,38.09,6.7,0,0,0,0,00:06,23,-5,28,1097,12:40,10:33,00:00,02:06,,,,,,,,,,,,,,,,,,,,,"35 years, 30 days",No
239,8473512,20212022,1988-01-12,"5\' 11""",185,1430:15,44,21,26,205,75,68,5,23,241:39,1127:05,26,60.28,10.2,0,0,0,0,61:31,16,-5,65,1864,19:04,15:01,00:49,03:13,,,,,,,,,,,,,,,,,,,,,"34 years, 275 days",No
240,8474610,20212022,1989-11-01,"6\' 2""",197,06:08,0,0,0,0,1,2,0,0,00:00,06:08,0,25.0,0.0,0,0,0,0,00:00,1,-1,0,8,06:08,06:08,00:00,00:00,,,,,,,,,,,,,,,,,,,,,"32 years, 91 days",No
241,8475246,20212022,1990-02-23,"6\' 2""",205,509:59,2,1,4,30,39,74,0,0,01:09,489:37,4,0.0,3.3,0,0,0,0,19:13,32,-3,3,707,13:04,12:33,00:29,00:01,,,,,,,,,,,,,,,,,,,,,"31 years, 342 days",No
242,8475279,20212022,1991-05-09,"6\' 3""",234,1691:09,17,9,48,143,74,157,2,3,72:37,1399:06,48,0.0,6.3,1,1,0,1,219:26,130,-14,26,1912,22:51,18:54,02:57,00:58,,,,,,,,,,,,,,,,,,,,,"30 years, 267 days",No
243,8475462,20212022,1990-06-05,"6\' 0""",208,1387:12,13,3,105,100,77,355,0,0,02:46,1223:40,105,0.0,3.0,0,0,1,1,160:46,118,27,16,1961,18:00,15:53,02:05,00:02,,,,,,,,,,,,,,,,,,,,,"31 years, 240 days",No
244,8476456,20212022,1993-06-04,"6\' 1""",202,1553:58,85,30,54,222,80,99,5,38,295:08,1112:22,54,33.33,13.5,7,2,3,5,146:28,28,35,115,1839,19:25,13:54,01:49,03:41,,,,,,,,,,,,,,,,,,,,,"28 years, 241 days",No
245,8476989,20212022,1993-09-23,"6\' 3""",198,126:30,1,0,5,9,9,25,0,0,00:00,123:41,5,0.0,0.0,0,0,0,0,02:49,8,0,1,172,14:03,13:44,00:18,00:00,,,,,,,,,,,,,,,,,,,,,"28 years, 130 days",No
246,8477346,20212022,1994-01-07,"6\' 0""",200,1869:48,36,8,81,203,80,179,1,3,53:01,1595:04,81,0.0,3.9,2,0,1,2,221:43,156,40,44,2372,23:22,19:56,02:46,00:39,,,,,,,,,,,,,,,,,,,,,"28 years, 24 days",No
247,8477407,20212022,1995-08-26,"5\' 11""",197,1109:45,27,31,30,167,74,38,9,21,188:45,912:33,30,50.0,18.6,5,1,0,0,08:27,16,19,58,1369,14:59,12:19,00:06,02:33,,,,,,,,,,,,,,,,,,,,,"26 years, 158 days",No
248,8477409,20212022,1995-08-14,"6\' 2""",180,1252:08,31,24,48,167,78,50,0,3,85:31,1143:03,48,65.51,14.4,4,1,0,0,23:34,16,24,55,1582,16:03,14:39,00:18,01:05,,,,,,,,,,,,,,,,,,,,,"26 years, 170 days",No
249,8477462,20212022,1995-02-08,"6\' 2""",207,1025:14,8,1,35,59,64,138,0,0,02:07,899:53,35,0.0,1.7,0,0,0,0,123:14,102,-9,9,1344,16:01,14:03,01:55,00:01,,,,,,,,,,,,,,,,,,,,,"26 years, 357 days",No
250,8477493,20212022,1995-09-02,"6\' 3""",215,1360:19,49,39,18,214,67,50,12,26,233:37,982:02,18,56.94,18.2,5,2,4,5,144:40,42,36,88,1559,20:18,14:39,02:09,03:29,,,,,,,,,,,,,,,,,,,,,"26 years, 151 days",No
251,8477932,20212022,1996-02-07,"6\' 4""",215,1520:12,42,15,26,180,61,62,3,20,214:17,1135:14,26,0.0,8.3,2,2,0,3,170:41,69,38,57,1831,24:55,18:36,02:47,03:30,,,,,,,,,,,,,,,,,,,,,"25 years, 358 days",No
252,8477933,20212022,1995-11-06,"6\' 2""",193,1385:11,49,33,13,186,78,49,16,31,261:20,1073:35,13,48.46,17.7,6,0,0,2,50:16,30,25,82,1596,17:45,13:45,00:38,03:21,,,,,,,,,,,,,,,,,,,,,"26 years, 86 days",No
253,8477935,20212022,1996-06-20,"6\' 1""",195,1202:57,21,28,74,241,71,119,5,9,156:17,991:59,74,46.86,11.6,7,1,0,1,54:41,27,27,49,1494,16:56,13:58,00:46,02:12,,,,,,,,,,,,,,,,,,,,,"25 years, 225 days",No
254,8477986,20212022,1994-04-11,"6\' 0""",194,1449:51,26,11,48,153,81,64,1,8,111:08,1288:52,48,0.0,7.2,1,1,0,0,49:51,65,15,37,1912,17:53,15:54,00:36,01:22,,,,,,,,,,,,,,,,,,,,,"27 years, 295 days",No
255,8478055,20212022,1996-06-12,"6\' 0""",186,1506:52,27,10,18,145,71,45,0,0,12:42,1318:29,18,0.0,6.9,1,1,0,0,175:41,86,41,37,2054,21:13,18:34,02:28,00:10,,,,,,,,,,,,,,,,,,,,,"25 years, 233 days",No
256,8478366,20212022,1994-03-14,"5\' 11""",197,934:18,14,18,22,161,71,68,1,2,57:42,874:19,22,48.0,11.2,3,1,0,0,02:17,26,4,32,1207,13:09,12:18,00:01,00:48,,,,,,,,,,,,,,,,,,,,,"27 years, 323 days",No
257,8478569,20212022,1991-12-01,"5\' 10""",209,239:40,5,3,11,32,20,48,0,0,03:15,212:36,11,50.6,9.4,1,0,0,0,23:49,16,2,8,325,11:59,10:37,01:11,00:09,,,,,,,,,,,,,,,,,,,,,"30 years, 61 days",No
258,8478906,20212022,1994-06-06,"6\' 1""",187,07:01,1,0,0,0,1,1,0,0,00:00,07:01,0,0.0,0.0,0,0,0,0,00:00,0,0,1,12,07:01,07:01,00:00,00:00,,,,,,,,,,,,,,,,,,,,,"27 years, 239 days",No
259,8478975,20212022,1995-06-18,"6\' 4""",209,762:24,29,18,53,121,54,114,1,2,46:35,714:22,53,27.5,14.9,2,0,0,0,01:27,9,29,47,977,14:07,13:13,00:01,00:51,,,,,,,,,,,,,,,,,,,,,"26 years, 227 days",No
260,8479066,20212022,1994-12-09,"5\' 9""",187,627:20,9,9,92,91,55,117,0,0,00:29,559:52,92,14.28,9.9,1,0,0,1,66:59,7,4,18,899,11:24,10:10,01:13,00:00,,,,,,,,,,,,,,,,,,,,,"27 years, 53 days",No
261,8479355,20212022,1998-05-05,"6\' 2""",182,229:34,0,0,6,18,18,14,0,0,00:33,222:55,6,0.0,0.0,0,0,0,0,06:06,10,-1,0,323,12:45,12:23,00:20,00:01,,,,,,,,,,,,,,,,,,,,,"23 years, 271 days",No
262,8479523,20212022,1997-07-05,"6\' 0""",189,508:27,6,3,10,41,40,39,0,0,03:11,500:19,10,0.0,7.3,0,0,0,0,04:57,29,3,9,732,12:42,12:30,00:07,00:04,,,,,,,,,,,,,,,,,,,,,"24 years, 210 days",No
263,8479553,20212022,1995-01-13,"6\' 2""",206,476:07,7,7,13,49,40,59,0,0,03:32,472:29,13,0.0,14.3,0,0,0,0,00:06,17,8,14,631,11:54,11:48,00:00,00:05,,,,,,,,,,,,,,,,,,,,,"27 years, 276 days",No
264,8479597,20212022,1996-03-19,"6\' 0""",185,56:01,0,0,2,4,4,3,0,0,00:56,53:18,2,0.0,0.0,0,0,0,0,01:47,3,2,0,79,14:00,13:19,00:26,00:14,,,,,,,,,,,,,,,,,,,,,"25 years, 318 days",No
265,8480015,20212022,1999-02-16,"6\' 1""",207,845:38,11,10,12,126,63,98,1,3,107:04,738:18,12,38.18,7.9,1,0,0,0,00:16,16,-2,21,1119,13:25,11:43,00:00,01:41,,,,,,,,,,,,,,,,,,,,,"22 years, 349 days",No
266,8480037,20212022,1999-01-09,"5\' 10""",155,84:10,1,0,2,7,6,0,0,1,00:42,81:28,2,33.33,0.0,0,0,0,0,02:00,1,-6,1,113,14:01,13:34,00:20,00:07,,,,,,,,,,,,,,,,,,,,,"23 years, 22 days",No
267,8480185,20212022,1998-09-02,"6\' 3""",190,1048:03,17,9,12,84,78,103,0,1,07:19,893:31,12,40.02,10.7,4,1,2,3,147:13,46,1,26,1509,13:26,11:27,01:53,00:05,,,,,,,,,,,,,,,,,,,,,"23 years, 151 days",No
268,8480844,20212022,2000-06-24,"5\' 11""",186,15:30,0,0,2,3,1,1,0,0,01:01,14:29,2,0.0,0.0,0,0,0,0,00:00,2,0,0,18,15:30,14:29,00:00,01:01,,,,,,,,,,,,,,,,,,,,,"21 years, 221 days",No
269,8481655,20212022,2001-04-25,"6\' 2""",182,42:24,0,0,0,3,3,5,0,0,00:01,42:23,0,48.38,0.0,0,0,0,0,00:00,2,-4,0,53,14:08,14:07,00:00,00:00,,,,,,,,,,,,,,,,,,,,,"20 years, 281 days",No
270,8482113,20212022,2001-10-03,"6\' 1""",185,1022:55,26,18,18,125,65,26,1,4,44:32,824:16,18,44.65,14.4,4,0,1,4,154:07,56,33,44,1371,15:44,12:40,02:22,00:41,,,,,,,,,,,,,,,,,,,,,"20 years, 120 days",No
271,8482641,20212022,1998-04-14,"6\' 0""",181,140:27,1,1,2,11,10,10,0,0,00:10,131:55,2,0.0,9.1,0,0,0,0,08:22,17,-8,2,188,14:02,13:11,00:50,00:01,,,,,,,,,,,,,,,,,,,,,"23 years, 292 days",No
272,8475683,20212022,1988-09-20,"6\' 2""",182,3082:10,,,,,54,,,,,,,,,,,,,,,,,,57:04,,,,3,3,0,39,7,1429,231,42,1156,47,1262,257,0.913,2.667,53,1566,137,89.88326848249028,89.36170212765957,91.60063391442155,"33 years, 133 days",No
273,8477992,20212022,1995-09-19,"6\' 5""",220,486:31,,,,,11,,,,,,,,,,,,,,,,,,44:13,,,,1,0,0,3,4,226,19,12,194,12,229,23,0.856,4.6864,8,264,38,82.6086956521739,100.0,84.71615720524017,"26 years, 134 days",No
274,8481519,20212022,2001-04-19,"6\' 3""",192,1740:14,,,,,32,,,,,,,,,,,,,,,,,,54:22,,,,3,2,0,19,9,795,138,19,638,22,691,163,0.908,2.7927,27,876,81,84.66257668711657,86.36363636363636,92.32995658465991,"20 years, 287 days",No