,Game_ID,Home_or_Away,Result,Panthers_Goals,Opponent_Goals,Panthers_PIM,Panthers_Shots,Panthers_Power_Play_%,Panthers_Power_Play_Goals,Panthers_Power_Play_Opportunities,Panthers_FOW%,Panthers_Blocked_Shots,Panthers_Takeaways,Panthers_Giveaways,Panthers_Hits,Opponent_PIM,Opponent_Shots,Opponent_Power_Play_%,Opponent_Power_Play_Goals,Opponent_Power_Play_Opportunities,Opponent_FOW%,Opponent_Blocked_Shots,Opponent_Takeaways,Opponent_Giveaways,Opponent_Hits
0,2014010029,Home,OT Loss,3,4,17,25,12.5,1.0,8.0,44.1,5,8,3,19,21,31,16.7,1.0,6.0,55.9,14,2,2,17
1,2014010051,Away,OT Loss,1,2,2,24,25.0,1.0,4.0,26.9,12,10,6,21,8,20,0.0,0.0,1.0,73.1,14,4,10,15
2,2014010052,Away,Loss,1,4,18,23,0.0,0.0,2.0,59.6,6,6,9,16,18,25,0.0,0.0,2.0,40.4,8,5,6,13
3,2014010065,Away,Loss,4,5,10,24,0.0,0.0,1.0,48.6,10,8,10,22,2,28,40.0,2.0,5.0,51.4,4,9,12,20
4,2014010088,Home,Loss,0,3,12,21,0.0,0.0,3.0,47.5,10,4,6,25,12,33,0.0,0.0,3.0,52.5,12,1,0,27
5,2014010100,Away,Loss,1,4,8,37,25.0,1.0,4.0,46.3,7,8,4,18,8,28,50.0,2.0,4.0,53.7,13,10,9,18
6,2014020010,Away,OT Loss,2,3,20,21,0.0,0.0,2.0,46.3,13,10,5,21,10,32,42.9,3.0,7.0,53.7,10,9,8,28
7,2014020022,Home,Loss,1,5,17,29,12.5,1.0,8.0,51.9,5,4,3,27,23,24,40.0,2.0,5.0,48.1,10,0,3,25
8,2014020037,Home,Loss,0,1,12,30,0.0,0.0,3.0,47.1,9,8,6,42,8,23,20.0,1.0,5.0,52.9,13,11,4,35
9,2014020056,Away,Win,1,0,12,35,0.0,0.0,5.0,52.6,10,7,10,19,12,26,0.0,0.0,5.0,47.4,17,6,9,27
10,2014020069,Away,OT Loss,1,2,4,21,20.0,1.0,5.0,34.9,17,6,10,30,10,28,0.0,0.0,2.0,65.1,14,4,12,31
11,2014020087,Away,Win,4,3,15,36,50.0,1.0,2.0,50.0,9,11,2,14,9,33,40.0,2.0,5.0,50.0,11,9,6,28
12,2014020115,Away,OT Loss,1,2,16,24,0.0,0.0,2.0,46.0,21,6,5,26,4,41,25.0,2.0,8.0,54.0,9,5,5,31
13,2014020143,Home,Win,2,1,17,26,33.3,1.0,3.0,45.0,8,6,2,23,15,33,25.0,1.0,4.0,55.0,16,3,1,31
14,2014020156,Home,Win,2,1,14,30,25.0,1.0,4.0,55.2,12,3,0,26,10,37,0.0,0.0,6.0,44.8,3,1,3,16
15,2014020172,Away,OT Loss,1,2,0,19,0.0,0.0,1.0,38.5,12,8,7,27,2,25,0.0,0.0,0.0,61.5,12,11,9,21
16,2014020188,Away,Loss,1,4,8,35,25.0,1.0,4.0,52.0,14,4,4,35,12,30,0.0,0.0,2.0,48.0,18,3,6,35
17,2014020202,Home,Loss,4,6,6,31,0.0,0.0,3.0,63.3,7,4,3,30,6,25,33.3,1.0,3.0,36.7,15,2,2,22
18,2014020225,Home,Win,4,1,4,30,0.0,0.0,2.0,49.1,17,4,4,30,4,26,0.0,0.0,2.0,50.9,6,6,1,33
19,2014020246,Home,OT Loss,3,4,6,38,16.7,1.0,6.0,60.0,23,4,6,26,12,34,0.0,0.0,3.0,40.0,17,3,2,32
20,2014020264,Away,Win,6,2,4,29,100.0,1.0,1.0,41.7,21,6,9,18,2,35,0.0,0.0,2.0,58.3,7,5,15,21
21,2014020277,Away,Loss,2,5,14,32,25.0,1.0,4.0,52.2,11,4,7,20,10,27,50.0,3.0,6.0,47.8,12,5,23,32
22,2014020290,Away,Win,3,2,6,28,20.0,1.0,5.0,41.9,26,7,13,20,10,30,33.3,1.0,3.0,58.1,20,9,19,27
23,2014020302,Away,OT Loss,2,3,8,30,0.0,0.0,2.0,42.6,11,13,6,14,4,50,0.0,0.0,4.0,57.4,10,10,8,9
24,2014020315,Home,Loss,1,4,8,30,0.0,0.0,3.0,60.7,8,6,4,35,8,39,0.0,0.0,3.0,39.3,10,4,2,25
25,2014020327,Home,Win,1,0,6,28,0.0,0.0,1.0,57.6,10,5,6,30,2,33,0.0,0.0,3.0,42.4,14,2,3,29
26,2014020341,Home,Win,3,2,11,46,0.0,0.0,2.0,54.7,9,5,4,38,11,24,0.0,0.0,2.0,45.3,15,4,5,37
27,2014020358,Away,Loss,1,2,4,25,33.3,1.0,3.0,44.6,6,6,5,25,6,23,0.0,0.0,2.0,55.4,20,7,4,39
28,2014020368,Away,Win,4,3,8,31,0.0,0.0,1.0,42.9,14,3,4,21,2,41,25.0,1.0,4.0,57.1,8,3,12,13
29,2014020382,Home,OT Loss,3,4,9,55,20.0,1.0,5.0,62.7,8,7,5,29,17,20,0.0,0.0,1.0,37.3,27,6,2,40
30,2014020395,Home,Win,3,2,9,37,0.0,0.0,1.0,48.1,8,1,2,44,7,28,0.0,0.0,2.0,51.9,13,4,5,40
31,2014020408,Away,Loss,2,4,8,34,0.0,0.0,3.0,47.5,10,6,5,32,6,28,0.0,0.0,4.0,52.5,9,8,10,13
32,2014020433,Away,Win,3,2,8,26,0.0,0.0,5.0,33.9,13,2,2,11,10,31,50.0,2.0,4.0,66.1,6,5,7,20
33,2014020437,Away,OT Loss,3,4,4,28,0.0,0.0,1.0,47.1,10,5,3,16,2,32,0.0,0.0,2.0,52.9,13,0,9,14
34,2014020457,Home,Win,2,1,4,29,0.0,0.0,2.0,53.8,15,4,8,50,4,24,50.0,1.0,2.0,46.2,9,2,5,48
35,2014020467,Away,Win,2,1,4,32,0.0,0.0,2.0,49.3,15,3,2,23,6,26,0.0,0.0,1.0,50.7,18,6,3,23
36,2014020485,Away,Loss,1,3,32,46,16.7,1.0,6.0,48.1,10,2,2,24,44,34,0.0,0.0,6.0,51.9,19,4,6,31
37,2014020499,Home,Win,4,3,8,37,0.0,0.0,3.0,43.7,13,8,3,46,6,27,25.0,1.0,4.0,56.3,13,5,3,42
38,2014020527,Home,Win,6,4,8,34,33.3,1.0,3.0,67.2,10,6,1,26,6,22,25.0,1.0,4.0,32.8,5,1,4,33
39,2014020541,Home,OT Loss,1,2,4,37,0.0,0.0,3.0,55.7,9,8,3,32,6,34,0.0,0.0,2.0,44.3,15,4,3,21
40,2014020551,Home,Loss,2,5,6,20,33.3,1.0,3.0,56.4,7,7,6,30,8,34,50.0,1.0,2.0,43.6,16,3,1,25
41,2014020558,Away,Win,2,0,2,33,100.0,1.0,1.0,43.1,13,3,4,22,2,30,0.0,0.0,1.0,56.9,9,4,6,31
42,2014020577,Away,Loss,3,4,6,32,0.0,0.0,5.0,40.3,19,8,10,23,12,26,50.0,1.0,2.0,59.7,16,8,10,29
43,2014020606,Away,Win,3,1,18,31,0.0,0.0,2.0,54.0,14,7,12,14,10,33,0.0,0.0,6.0,46.0,9,3,9,10
44,2014020611,Away,Win,6,5,14,35,0.0,0.0,1.0,47.9,20,10,12,15,6,30,20.0,1.0,5.0,52.1,15,9,26,25
45,2014020624,Away,Win,4,2,9,27,0.0,0.0,2.0,43.6,12,7,13,17,9,33,0.0,0.0,2.0,56.4,6,15,16,24
46,2014020637,Away,Loss,2,8,6,27,0.0,0.0,3.0,38.0,15,4,14,17,6,35,66.7,2.0,3.0,62.0,10,9,15,26
47,2014020649,Home,Loss,2,4,10,32,33.3,1.0,3.0,50.0,6,3,4,25,6,29,20.0,1.0,5.0,50.0,17,1,1,36
48,2014020666,Home,OT Loss,2,3,8,37,0.0,0.0,3.0,49.2,11,9,2,32,6,34,0.0,0.0,4.0,50.8,10,2,4,29
49,2014020678,Home,Loss,1,2,10,24,0.0,0.0,4.0,61.9,10,4,5,30,12,23,0.0,0.0,3.0,38.1,11,2,4,18
50,2014020703,Home,Loss,4,5,2,41,60.0,3.0,5.0,43.4,12,5,3,28,10,27,0.0,0.0,1.0,56.6,11,2,6,16
51,2014020717,Home,Win,3,2,16,31,0.0,0.0,3.0,52.2,7,3,3,31,8,33,0.0,0.0,2.0,47.8,8,4,5,33
52,2014020731,Away,Loss,1,3,8,27,0.0,0.0,2.0,40.0,10,6,5,26,6,14,33.3,1.0,3.0,60.0,14,4,6,23
53,2014020742,Away,Loss,3,6,8,36,50.0,1.0,2.0,52.5,9,3,4,23,6,38,33.3,1.0,3.0,47.5,16,6,8,18
54,2014020746,Away,Win,4,2,6,30,50.0,1.0,2.0,45.0,20,14,12,23,4,34,33.3,1.0,3.0,55.0,16,18,17,35
55,2014020762,Home,Win,3,2,4,20,0.0,0.0,1.0,34.4,14,6,5,35,2,31,50.0,1.0,2.0,65.6,5,1,2,47
56,2014020785,Home,OT Loss,2,3,8,36,0.0,0.0,3.0,50.8,10,4,3,27,6,25,50.0,2.0,4.0,49.2,20,3,0,33
57,2014020802,Home,Win,6,2,11,26,37.5,3.0,8.0,38.1,17,6,5,22,31,33,33.3,1.0,3.0,61.9,5,3,4,39
58,2014020815,Away,Loss,1,2,6,27,0.0,0.0,5.0,48.6,7,3,4,19,10,23,50.0,1.0,2.0,51.4,19,9,11,15
59,2014020820,Away,Loss,0,2,23,37,0.0,0.0,2.0,50.0,11,6,8,20,8,28,0.0,0.0,3.0,50.0,14,10,8,13
60,2014020834,Home,OT Loss,1,2,9,41,0.0,0.0,2.0,51.5,9,4,8,31,13,33,0.0,0.0,0.0,48.5,12,6,1,23
61,2014020850,Away,Win,3,2,9,17,40.0,2.0,5.0,55.1,12,7,14,39,15,29,100.0,2.0,2.0,44.9,12,4,18,39
62,2014020864,Away,Win,3,2,7,21,0.0,0.0,1.0,38.5,11,7,10,42,7,39,0.0,0.0,1.0,61.5,13,7,11,31
63,2014020877,Away,Loss,1,4,13,22,0.0,0.0,2.0,54.0,8,8,7,30,9,39,0.0,0.0,4.0,46.0,5,15,7,37
64,2014020888,Away,Loss,1,5,6,35,0.0,0.0,3.0,46.3,17,4,2,22,6,26,33.3,1.0,3.0,53.7,12,7,7,25
65,2014020903,Away,OT Loss,2,3,10,36,0.0,0.0,3.0,60.3,16,4,1,34,10,38,33.3,1.0,3.0,39.7,14,8,4,18
66,2014020912,Home,Loss,0,3,10,20,0.0,0.0,1.0,36.4,14,3,0,50,4,29,0.0,0.0,4.0,63.6,15,5,3,23
67,2014020923,Home,Win,5,3,8,47,33.3,2.0,6.0,52.4,9,1,3,26,14,14,0.0,0.0,3.0,47.6,17,2,1,28
68,2014020934,Home,Win,4,3,10,26,20.0,1.0,5.0,51.7,6,5,5,31,14,23,0.0,0.0,2.0,48.3,15,5,6,30
69,2014020946,Home,Loss,2,3,4,42,33.3,1.0,3.0,55.1,11,5,4,23,6,34,50.0,1.0,2.0,44.9,9,6,1,32
70,2014020960,Home,OT Loss,3,4,9,24,0.0,0.0,2.0,41.4,20,12,5,36,9,32,0.0,0.0,2.0,58.6,7,6,5,41
71,2014020973,Home,Win,4,3,10,18,0.0,0.0,1.0,48.4,15,16,8,42,6,28,33.3,1.0,3.0,51.6,12,9,1,40
72,2014021007,Home,Win,4,2,4,20,33.3,1.0,3.0,53.8,12,6,6,32,6,20,0.0,0.0,2.0,46.2,6,2,2,32
73,2014021024,Away,Win,2,0,8,22,33.3,1.0,3.0,42.0,15,10,16,29,10,27,0.0,0.0,2.0,58.0,14,11,20,26
74,2014021030,Away,Loss,1,2,4,39,0.0,0.0,3.0,58.1,8,12,9,17,6,34,0.0,0.0,2.0,41.9,36,10,9,21
75,2014021044,Home,Loss,2,3,10,43,0.0,0.0,4.0,57.1,5,7,1,35,10,25,0.0,0.0,3.0,42.9,15,3,3,22
76,2014021056,Home,Win,3,1,4,32,0.0,0.0,3.0,49.2,7,6,4,34,6,27,0.0,0.0,2.0,50.8,4,3,5,21
77,2014021071,Home,Win,2,1,6,25,0.0,0.0,3.0,36.9,9,10,4,49,6,27,33.3,1.0,3.0,63.1,11,1,0,33
78,2014021095,Away,Loss,3,4,0,36,0.0,0.0,2.0,43.4,10,4,8,24,4,25,0.0,0.0,0.0,56.6,12,9,8,19
79,2014021106,Away,Win,4,1,10,28,0.0,0.0,1.0,34.4,13,8,10,21,16,25,0.0,0.0,3.0,65.6,13,10,8,37
80,2014021122,Away,OT Loss,2,3,10,23,100.0,1.0,1.0,51.5,21,2,9,38,4,25,50.0,2.0,4.0,48.5,20,3,18,25
81,2014021129,Away,Win,4,2,14,37,40.0,2.0,5.0,50.0,27,9,9,26,14,27,20.0,1.0,5.0,50.0,15,12,11,38
82,2014021142,Away,Loss,2,3,8,24,33.3,1.0,3.0,37.3,16,8,5,32,6,29,0.0,0.0,4.0,62.7,13,2,8,23
83,2014021157,Home,Win,6,1,4,35,0.0,0.0,1.0,48.4,9,7,4,22,2,32,50.0,1.0,2.0,51.6,11,3,5,24
84,2014021172,Home,Loss,0,4,2,34,0.0,0.0,4.0,45.1,9,4,6,32,8,22,100.0,1.0,1.0,54.9,12,4,2,23
85,2014021181,Home,Loss,1,4,14,25,25.0,1.0,4.0,50.7,11,1,6,27,8,28,14.3,1.0,7.0,49.3,19,2,0,25
86,2014021207,Home,Win,4,2,17,30,33.3,1.0,3.0,50.0,13,4,8,24,17,36,33.3,1.0,3.0,50.0,16,6,4,29
87,2014021222,Home,Win,3,2,14,27,33.3,1.0,3.0,57.4,10,3,5,11,29,33,0.0,0.0,1.0,42.6,17,3,2,26
88,2015010002,Away,Loss,2,5,14,22,28.6,2.0,7.0,51.7,11,4,6,22,27,29,50.0,3.0,6.0,48.3,12,4,6,16
89,2015010003,Away,Win,3,2,6,26,0.0,0.0,3.0,45.8,8,4,4,13,6,29,0.0,0.0,3.0,54.2,7,7,4,21
90,2015010020,Home,Win,3,2,12,35,25.0,1.0,4.0,44.8,8,7,4,38,10,24,0.0,0.0,5.0,55.2,8,4,2,41
91,2015010046,Away,Loss,1,4,10,36,25.0,1.0,4.0,52.8,6,7,6,19,10,29,0.0,0.0,5.0,47.2,12,13,13,17
92,2015010062,Away,Win,4,2,14,20,0.0,0.0,3.0,37.5,13,13,11,23,16,22,0.0,0.0,2.0,62.5,13,12,10,32
93,2015010099,Home,Loss,2,3,8,34,25.0,1.0,4.0,46.0,10,3,6,29,8,30,0.0,0.0,4.0,54.0,13,2,1,27
94,2015020020,Home,Win,7,1,17,30,42.9,3.0,7.0,51.4,10,4,2,31,23,39,25.0,1.0,4.0,48.6,10,5,1,38
95,2015020035,Away,Loss,0,1,12,31,0.0,0.0,6.0,50.0,14,3,3,22,18,33,0.0,0.0,3.0,50.0,17,7,14,31
96,2015020041,Away,Win,4,1,8,30,0.0,0.0,3.0,55.8,18,11,6,23,6,23,0.0,0.0,4.0,44.2,6,10,18,16
97,2015020055,Home,Win,3,2,12,29,40.0,2.0,5.0,57.4,9,4,4,31,10,26,16.7,1.0,6.0,42.6,5,4,1,29
98,2015020068,Home,Loss,2,4,6,26,0.0,0.0,1.0,49.1,13,2,5,36,4,37,50.0,1.0,2.0,50.9,10,1,6,23
99,2015020083,Away,OT Loss,2,3,6,33,0.0,0.0,2.0,45.9,14,0,6,31,4,35,66.7,2.0,3.0,54.1,11,5,8,31
100,2015020097,Away,Loss,2,3,16,19,25.0,1.0,4.0,50.6,15,5,8,30,8,27,25.0,2.0,8.0,49.4,8,4,7,15
101,2015020113,Away,Win,6,2,15,30,0.0,0.0,2.0,50.0,22,7,9,19,11,35,25.0,1.0,4.0,50.0,14,6,20,24
102,2015020128,Home,Win,4,1,10,28,100.0,3.0,3.0,48.4,13,8,6,25,6,32,0.0,0.0,5.0,51.6,9,4,1,30
103,2015020150,Home,Loss,1,3,6,32,16.7,1.0,6.0,46.0,6,6,5,34,25,30,66.7,2.0,3.0,54.0,17,8,2,41
104,2015020160,Home,OT Loss,1,2,4,27,0.0,0.0,3.0,45.5,12,6,5,34,6,27,0.0,0.0,2.0,54.5,6,5,1,35
105,2015020184,Away,OT Loss,2,3,10,25,0.0,0.0,3.0,45.1,19,8,8,27,6,39,20.0,1.0,5.0,54.9,16,5,9,29
106,2015020193,Away,Loss,2,5,9,33,33.3,1.0,3.0,49.1,13,11,13,25,11,32,0.0,0.0,2.0,50.9,18,9,11,17
107,2015020201,Away,Loss,1,4,2,19,0.0,0.0,3.0,41.2,9,4,6,39,6,35,100.0,1.0,1.0,58.8,10,3,10,36
108,2015020222,Home,Win,4,3,7,31,50.0,1.0,2.0,41.1,12,2,3,31,9,28,100.0,1.0,1.0,58.9,16,4,2,24
109,2015020236,Home,Loss,2,3,2,38,33.3,1.0,3.0,60.7,8,5,4,35,6,19,100.0,1.0,1.0,39.3,16,2,0,33
110,2015020251,Away,Win,5,4,18,23,25.0,1.0,4.0,52.6,8,6,12,32,22,28,0.0,0.0,2.0,47.4,16,4,6,23
111,2015020265,Home,Win,1,0,8,20,0.0,0.0,3.0,45.6,10,9,9,25,8,39,0.0,0.0,3.0,54.4,11,2,3,27
112,2015020285,Home,Loss,1,3,11,25,0.0,0.0,3.0,50.0,8,3,9,22,11,41,33.3,1.0,3.0,50.0,9,9,6,39
113,2015020296,Home,OT Loss,4,5,6,43,33.3,2.0,6.0,57.0,8,4,11,22,14,31,50.0,1.0,2.0,43.0,12,6,3,28
114,2015020313,Home,Loss,1,3,8,34,20.0,1.0,5.0,55.7,9,4,5,29,10,32,0.0,0.0,4.0,44.3,7,7,2,37
115,2015020339,Home,Win,3,2,6,27,0.0,0.0,1.0,48.0,13,4,3,24,6,25,0.0,0.0,1.0,52.0,8,0,3,34
116,2015020354,Away,Win,2,1,14,32,0.0,0.0,5.0,53.8,10,2,5,17,16,29,0.0,0.0,4.0,46.2,15,2,9,21
117,2015020363,Away,Win,3,1,6,23,0.0,0.0,1.0,40.3,16,6,3,19,2,30,0.0,0.0,3.0,59.7,8,7,10,13
118,2015020378,Away,Win,2,1,6,16,100.0,1.0,1.0,40.7,21,8,7,24,4,33,0.0,0.0,2.0,59.3,6,10,9,14
119,2015020383,Away,Win,2,1,8,32,0.0,0.0,2.0,37.5,14,4,3,15,4,23,0.0,0.0,4.0,62.5,14,8,10,34
120,2015020400,Away,Loss,2,4,10,36,0.0,0.0,2.0,70.0,6,8,7,23,10,18,0.0,0.0,2.0,30.0,11,5,6,28
121,2015020412,Home,Loss,2,4,20,27,0.0,0.0,4.0,46.3,8,5,4,29,8,23,40.0,2.0,5.0,53.7,12,7,4,30
122,2015020423,Home,Win,4,1,14,26,16.7,1.0,6.0,54.1,16,5,4,14,25,21,0.0,0.0,5.0,45.9,10,5,2,31
123,2015020435,Away,Loss,1,3,8,27,0.0,0.0,1.0,43.9,13,4,18,25,8,25,100.0,1.0,1.0,56.1,11,4,7,25
124,2015020454,Away,Win,5,1,10,17,0.0,0.0,3.0,52.4,10,4,8,19,8,34,0.0,0.0,4.0,47.6,7,5,12,23
125,2015020467,Away,Win,5,1,6,26,33.3,1.0,3.0,47.4,5,5,1,15,6,16,33.3,1.0,3.0,52.6,2,0,5,20
126,2015020479,Away,Win,2,0,4,18,0.0,0.0,3.0,60.3,15,11,3,12,6,24,0.0,0.0,2.0,39.7,10,17,10,17
127,2015020493,Home,Win,5,4,4,42,50.0,2.0,4.0,51.9,4,5,1,28,8,34,0.0,0.0,2.0,48.1,9,3,1,31
128,2015020511,Home,Win,2,1,4,40,0.0,0.0,5.0,48.4,4,8,3,31,10,16,50.0,1.0,2.0,51.6,14,1,4,34
129,2015020527,Home,Win,3,2,15,32,0.0,0.0,6.0,60.0,7,10,9,33,19,17,25.0,1.0,4.0,40.0,17,5,3,34
130,2015020545,Home,Win,3,1,13,30,20.0,1.0,5.0,40.6,2,5,3,32,17,30,33.3,1.0,3.0,59.4,6,3,6,28
131,2015020572,Home,Win,3,0,17,20,25.0,1.0,4.0,33.3,16,7,5,21,15,40,0.0,0.0,5.0,66.7,3,6,4,38
132,2015020580,Home,Win,2,1,8,29,0.0,0.0,5.0,37.7,7,2,5,33,10,40,0.0,0.0,4.0,62.3,8,5,2,26
133,2015020589,Away,Win,5,1,12,27,0.0,0.0,1.0,48.4,12,3,7,8,4,32,20.0,1.0,5.0,51.6,9,2,7,13
134,2015020602,Away,Win,3,2,8,16,0.0,0.0,4.0,35.2,25,12,10,30,8,32,0.0,0.0,4.0,64.8,14,8,12,30
135,2015020629,Away,Win,2,1,31,14,0.0,0.0,0.0,57.8,23,8,11,37,15,25,0.0,0.0,3.0,42.2,12,9,16,29
136,2015020632,Away,OT Loss,2,3,8,28,0.0,0.0,1.0,60.6,12,2,3,20,2,30,25.0,1.0,4.0,39.4,9,6,10,18
137,2015020644,Away,Loss,0,6,4,15,0.0,0.0,2.0,46.3,11,5,9,8,4,36,0.0,0.0,2.0,53.7,16,9,14,14
138,2015020672,Away,Loss,1,3,9,27,0.0,0.0,5.0,47.2,11,3,6,20,15,32,0.0,0.0,2.0,52.8,10,11,6,19
139,2015020677,Home,Loss,2,4,7,33,0.0,0.0,4.0,47.6,8,2,8,33,13,24,0.0,0.0,1.0,52.4,7,10,6,37
140,2015020707,Home,Win,4,0,11,32,0.0,0.0,3.0,49.0,7,7,5,27,13,27,0.0,0.0,2.0,51.0,9,6,8,18
141,2015020714,Home,Win,5,2,10,35,25.0,1.0,4.0,52.2,9,3,4,24,8,40,20.0,1.0,5.0,47.8,7,3,5,20
142,2015020736,Home,Win,5,1,16,27,40.0,2.0,5.0,48.3,12,8,4,22,22,23,0.0,0.0,2.0,51.7,5,5,3,36
143,2015020749,Away,Win,5,2,16,19,50.0,2.0,4.0,47.8,16,7,5,11,8,38,0.0,0.0,8.0,52.2,3,8,18,25
144,2015020764,Home,Win,6,3,18,33,50.0,2.0,4.0,59.3,14,8,6,20,12,39,28.6,2.0,7.0,40.7,8,5,7,21
145,2015020781,Home,OT Loss,2,3,10,44,20.0,1.0,5.0,49.3,11,8,7,28,10,35,20.0,1.0,5.0,50.7,7,1,0,30
146,2015020793,Away,Loss,0,3,15,23,0.0,0.0,5.0,54.4,6,2,5,19,17,31,25.0,1.0,4.0,45.6,8,5,8,18
147,2015020795,Away,Win,7,4,37,35,0.0,0.0,1.0,55.2,13,0,5,15,31,34,50.0,2.0,4.0,44.8,7,4,5,16
148,2015020823,Home,Loss,3,5,4,32,0.0,0.0,3.0,44.4,7,8,9,31,8,28,100.0,1.0,1.0,55.6,7,3,11,29
149,2015020827,Home,Loss,0,5,16,22,0.0,0.0,4.0,44.8,13,12,17,24,18,28,66.7,2.0,3.0,55.2,7,5,9,34
150,2015020842,Home,Win,2,1,4,28,0.0,0.0,3.0,53.2,14,12,10,34,6,32,0.0,0.0,2.0,46.8,14,10,9,25
151,2015020863,Home,OT Loss,1,2,8,20,0.0,0.0,1.0,51.8,16,9,20,31,2,18,0.0,0.0,4.0,48.2,8,6,8,18
152,2015020877,Home,Win,3,1,8,32,25.0,1.0,4.0,71.7,14,8,15,27,8,30,25.0,1.0,4.0,28.3,16,6,12,30
153,2015020909,Home,Win,3,2,6,25,25.0,1.0,4.0,41.2,12,12,9,18,10,24,33.3,1.0,3.0,58.8,13,9,11,22
154,2015020923,Away,OT Loss,3,4,13,31,16.7,1.0,6.0,46.3,13,2,5,9,17,25,25.0,1.0,4.0,53.7,16,3,5,19
155,2015020932,Away,Loss,1,3,14,18,33.3,1.0,3.0,44.1,8,3,8,26,10,27,20.0,1.0,5.0,55.9,13,9,6,14
156,2015020949,Away,Win,3,2,8,22,33.3,1.0,3.0,60.4,14,3,10,12,6,32,0.0,0.0,4.0,39.6,12,6,7,18
157,2015020962,Away,Loss,2,3,6,40,0.0,0.0,3.0,49.0,5,7,2,14,6,26,33.3,1.0,3.0,51.0,19,8,4,23
158,2015020978,Away,Loss,1,5,13,33,0.0,0.0,5.0,37.3,8,1,4,24,17,26,33.3,1.0,3.0,62.7,14,8,1,28
159,2015020988,Home,OT Loss,4,5,23,51,25.0,1.0,4.0,58.5,10,11,9,19,17,32,0.0,0.0,2.0,41.5,16,5,7,22
160,2015021010,Home,Win,6,2,6,31,0.0,0.0,2.0,61.4,13,15,10,29,6,28,0.0,0.0,2.0,38.6,7,8,9,18
161,2015021023,Home,Win,5,4,10,29,33.3,1.0,3.0,50.6,14,9,15,16,6,26,20.0,1.0,5.0,49.4,7,10,15,19
162,2015021033,Away,Loss,2,3,21,25,50.0,1.0,2.0,52.8,15,6,8,19,11,28,0.0,0.0,2.0,47.2,18,5,19,24
163,2015021043,Away,Win,4,1,14,36,25.0,1.0,4.0,60.9,13,1,9,31,20,28,0.0,0.0,0.0,39.1,17,2,14,36
164,2015021056,Away,Win,4,1,4,32,25.0,1.0,4.0,42.9,23,13,11,9,8,33,0.0,0.0,2.0,57.1,14,11,4,20
165,2015021072,Home,Loss,3,5,13,26,0.0,0.0,3.0,54.5,5,6,14,18,13,30,66.7,2.0,3.0,45.5,9,5,10,14
166,2015021086,Away,Loss,2,4,8,27,100.0,1.0,1.0,37.5,11,5,7,19,6,32,50.0,1.0,2.0,62.5,15,13,16,17
167,2015021101,Away,Win,4,1,8,36,0.0,0.0,4.0,52.6,15,5,1,19,8,35,0.0,0.0,4.0,47.4,11,6,15,19
168,2015021122,Away,Win,5,2,12,27,25.0,1.0,4.0,52.6,14,5,8,22,10,35,40.0,2.0,5.0,47.4,11,4,12,22
169,2015021144,Home,Loss,2,5,10,34,0.0,0.0,3.0,53.3,7,9,18,14,8,29,75.0,3.0,4.0,46.7,4,12,5,10
170,2015021157,Home,Win,3,2,12,40,0.0,0.0,4.0,61.8,5,5,12,17,8,25,16.7,1.0,6.0,38.2,16,5,6,21
171,2015021172,Home,Win,4,3,2,39,50.0,1.0,2.0,52.9,7,14,9,20,4,28,0.0,0.0,1.0,47.1,8,10,9,20
172,2015021185,Away,Win,4,3,4,36,0.0,0.0,5.0,60.5,7,14,6,24,10,26,50.0,1.0,2.0,39.5,17,13,5,24
173,2015021192,Away,Win,4,1,12,19,40.0,2.0,5.0,54.2,15,6,16,10,10,33,16.7,1.0,6.0,45.8,8,8,13,18
174,2015021208,Away,Loss,1,3,6,34,0.0,0.0,1.0,38.3,10,4,8,23,4,23,50.0,1.0,2.0,61.7,19,1,4,22
175,2015021221,Home,Win,5,2,6,21,0.0,0.0,2.0,38.6,7,8,14,12,6,28,50.0,1.0,2.0,61.4,6,8,14,8
176,2015030111,Home,Loss,4,5,6,46,33.3,1.0,3.0,48.5,9,4,8,39,8,26,50.0,1.0,2.0,51.5,18,2,10,40
177,2015030112,Home,Win,3,1,12,31,0.0,0.0,1.0,57.1,12,7,13,22,8,42,0.0,0.0,3.0,42.9,8,6,9,32
178,2015030113,Away,OT Loss,3,4,10,39,0.0,0.0,3.0,43.7,14,6,17,40,8,39,50.0,2.0,4.0,56.3,17,15,24,48
179,2015030114,Away,Win,2,1,8,29,25.0,1.0,4.0,40.7,10,14,7,32,8,27,25.0,1.0,4.0,59.3,22,7,10,28
180,2015030115,Home,OT Loss,1,2,10,48,0.0,0.0,1.0,54.7,14,19,16,34,2,42,20.0,1.0,5.0,45.3,27,18,24,65
181,2015030116,Away,OT Loss,1,2,6,42,0.0,0.0,3.0,45.8,23,18,24,41,6,51,0.0,0.0,3.0,54.2,18,9,29,45
182,2016010018,Home,Win,4,1,14,23,0.0,0.0,3.0,50.0,8,5,3,10,6,37,14.3,1.0,7.0,50.0,7,4,3,15
183,2016010019,Home,Loss,1,2,8,19,0.0,0.0,5.0,44.4,3,3,2,8,10,22,25.0,1.0,4.0,55.6,6,5,2,12
184,2016010036,Away,Loss,0,2,10,21,0.0,0.0,6.0,40.4,9,8,5,21,12,28,0.0,0.0,5.0,59.6,12,9,10,18
185,2016010060,Home,OT Loss,1,2,0,0,0.0,0.0,0.0,0.0,0,0,0,0,0,0,0.0,0.0,0.0,0.0,0,0,0,0
186,2016010072,Away,OT Loss,1,2,10,28,0.0,0.0,3.0,50.0,20,9,9,17,6,35,20.0,1.0,5.0,50.0,16,12,6,17
187,2016010099,Home,Win,4,2,0,0,0.0,0.0,0.0,0.0,0,0,0,0,0,0,0.0,0.0,0.0,0.0,0,0,0,0
188,2016020010,Home,Win,2,1,14,34,0.0,0.0,3.0,53.6,4,10,13,20,16,24,0.0,0.0,2.0,46.4,16,8,15,18
189,2016020020,Home,Win,4,1,6,38,0.0,0.0,2.0,44.9,15,16,15,14,6,22,0.0,0.0,2.0,55.1,8,5,6,11
190,2016020042,Away,OT Loss,3,4,8,31,0.0,0.0,3.0,53.1,7,11,5,19,8,28,0.0,0.0,3.0,46.9,7,8,11,15
191,2016020056,Home,Loss,2,4,2,28,25.0,1.0,4.0,56.4,8,16,5,14,8,29,0.0,0.0,1.0,43.6,14,4,2,17
192,2016020068,Home,Win,5,2,11,38,16.7,1.0,6.0,50.8,4,7,7,16,17,28,33.3,1.0,3.0,49.2,8,5,12,21
193,2016020086,Away,Loss,2,3,4,22,25.0,1.0,4.0,52.8,20,5,3,27,8,22,50.0,1.0,2.0,47.2,20,5,3,27
194,2016020101,Away,Loss,2,3,6,31,33.3,1.0,3.0,47.4,13,17,12,29,8,28,0.0,0.0,2.0,52.6,14,11,9,19
195,2016020113,Away,Loss,0,3,8,33,0.0,0.0,4.0,44.8,5,2,9,10,8,25,50.0,2.0,4.0,55.2,9,3,1,9
196,2016020124,Away,Win,5,2,10,24,25.0,1.0,4.0,35.6,12,2,8,26,8,36,40.0,2.0,5.0,64.4,5,4,9,17
197,2016020136,Home,Loss,1,2,20,34,0.0,0.0,7.0,44.9,9,13,9,14,26,26,0.0,0.0,3.0,55.1,20,11,4,16
198,2016020152,Home,Win,4,3,10,31,66.7,2.0,3.0,50.0,8,11,6,17,8,34,25.0,1.0,4.0,50.0,11,2,7,13
199,2016020168,Away,Loss,2,4,8,24,50.0,1.0,2.0,44.8,15,10,12,11,4,36,0.0,0.0,4.0,55.2,7,9,17,17
200,2016020182,Home,Win,3,1,6,32,33.3,1.0,3.0,53.3,9,12,9,18,8,35,0.0,0.0,2.0,46.7,16,6,5,24
201,2016020202,Home,Loss,2,4,4,24,0.0,0.0,1.0,43.1,11,4,6,25,2,29,0.0,0.0,2.0,56.9,12,6,10,16
202,2016020214,Home,Win,3,2,14,43,0.0,0.0,5.0,59.0,11,5,5,23,12,21,16.7,1.0,6.0,41.0,27,6,5,31
203,2016020234,Away,Win,4,3,6,24,0.0,0.0,3.0,48.3,17,12,10,25,6,37,33.3,1.0,3.0,51.7,13,7,13,25
204,2016020247,Away,Loss,1,6,8,27,0.0,0.0,4.0,50.9,7,4,11,35,8,30,0.0,0.0,4.0,49.1,18,9,14,19
205,2016020265,Away,Win,4,1,4,23,0.0,0.0,0.0,41.0,29,7,10,25,0,40,0.0,0.0,2.0,59.0,11,6,11,28
206,2016020272,Away,Win,3,2,6,30,25.0,1.0,4.0,51.4,8,7,7,26,8,35,0.0,0.0,3.0,48.6,21,14,12,25
207,2016020286,Home,Loss,1,3,6,39,0.0,0.0,4.0,48.3,4,4,12,19,10,28,100.0,2.0,2.0,51.7,12,0,3,17
208,2016020316,Home,Win,2,1,4,23,0.0,0.0,2.0,56.5,13,9,10,16,4,37,0.0,0.0,2.0,43.5,21,7,7,21
209,2016020324,Away,Loss,2,3,6,33,25.0,1.0,4.0,53.1,10,9,8,14,8,27,33.3,1.0,3.0,46.9,21,12,8,23
210,2016020336,Away,OT Loss,1,2,4,39,33.3,1.0,3.0,47.3,14,8,12,36,6,33,0.0,0.0,2.0,52.7,18,13,15,20
211,2016020350,Away,Win,2,1,8,30,0.0,0.0,6.0,45.3,7,2,6,24,12,21,0.0,0.0,4.0,54.7,15,4,10,24
212,2016020363,Away,Loss,0,2,16,24,0.0,0.0,4.0,51.7,7,8,7,27,10,21,0.0,0.0,7.0,48.3,23,7,11,28
213,2016020378,Away,OT Loss,3,4,6,30,0.0,0.0,3.0,39.0,13,11,13,31,6,36,0.0,0.0,3.0,61.0,14,7,10,19
214,2016020385,Away,OT Loss,2,3,10,44,0.0,0.0,2.0,44.8,16,9,13,34,6,25,25.0,1.0,4.0,55.2,20,10,12,28
215,2016020400,Home,Loss,1,5,8,29,33.3,1.0,3.0,50.0,10,8,13,21,8,30,0.0,0.0,3.0,50.0,17,5,4,7
216,2016020416,Home,Win,4,2,8,42,0.0,0.0,2.0,49.3,10,6,7,20,4,39,25.0,1.0,4.0,50.7,7,9,5,15
217,2016020438,Away,Loss,1,5,14,30,0.0,0.0,5.0,50.0,12,3,4,16,20,22,0.0,0.0,1.0,50.0,17,12,1,13
218,2016020451,Away,OT Loss,3,4,10,44,100.0,3.0,3.0,43.1,9,2,15,9,12,32,0.0,0.0,2.0,56.9,9,7,15,14
219,2016020457,Away,Win,3,1,14,23,0.0,0.0,2.0,27.1,11,13,1,16,6,31,0.0,0.0,6.0,72.9,9,10,3,20
220,2016020487,Home,Win,4,3,13,39,25.0,1.0,4.0,53.0,10,10,8,19,15,36,33.3,1.0,3.0,47.0,10,7,7,14
221,2016020501,Home,Loss,1,3,6,30,0.0,0.0,3.0,43.9,15,8,12,21,6,33,33.3,1.0,3.0,56.1,13,8,6,12
222,2016020510,Home,OT Loss,3,4,10,34,16.7,1.0,6.0,38.4,12,12,11,17,12,39,0.0,0.0,5.0,61.6,12,8,16,17
223,2016020527,Home,OT Loss,2,3,10,47,0.0,0.0,4.0,61.8,11,11,8,25,12,40,33.3,1.0,3.0,38.2,11,6,2,15
224,2016020536,Home,OT Loss,2,3,9,33,33.3,1.0,3.0,48.6,11,11,24,20,11,41,50.0,1.0,2.0,51.4,13,8,9,8
225,2016020554,Away,Win,3,1,8,38,100.0,2.0,2.0,54.8,26,5,8,20,4,36,25.0,1.0,4.0,45.2,8,4,9,21
226,2016020572,Home,Loss,1,4,4,32,0.0,0.0,4.0,56.4,9,5,12,24,10,39,0.0,0.0,1.0,43.6,13,9,7,13
227,2016020585,Home,Win,2,1,34,34,0.0,0.0,4.0,58.3,7,2,10,16,22,29,0.0,0.0,5.0,41.7,6,0,3,19
228,2016020596,Home,Loss,0,4,14,25,0.0,0.0,3.0,39.1,14,6,8,24,8,37,16.7,1.0,6.0,60.9,13,3,10,14
229,2016020609,Away,Win,3,0,6,29,16.7,1.0,6.0,48.9,3,4,4,19,13,28,0.0,0.0,2.0,51.1,9,5,5,16
230,2016020620,Away,Win,2,1,2,24,0.0,0.0,1.0,42.6,19,11,13,20,4,30,0.0,0.0,0.0,57.4,19,2,7,28
231,2016020636,Home,Loss,2,5,21,29,33.3,1.0,3.0,34.4,11,8,7,26,15,42,0.0,0.0,6.0,65.6,10,3,7,22
232,2016020645,Home,Win,4,3,10,32,0.0,0.0,3.0,58.1,13,9,15,16,10,33,33.3,1.0,3.0,41.9,10,6,8,9
233,2016020669,Away,Loss,2,5,8,22,0.0,0.0,4.0,48.0,16,9,9,14,8,29,50.0,2.0,4.0,52.0,12,12,11,7
234,2016020675,Away,OT Loss,3,4,4,31,50.0,1.0,2.0,50.0,15,12,16,25,4,31,50.0,1.0,2.0,50.0,20,15,23,18
235,2016020690,Away,Loss,1,2,2,35,33.3,1.0,3.0,52.5,16,9,3,20,6,32,0.0,0.0,1.0,47.5,19,10,4,20
236,2016020713,Away,OT Loss,2,3,6,25,0.0,0.0,2.0,38.7,13,7,15,13,4,42,0.0,0.0,3.0,61.3,19,4,9,26
237,2016020734,Home,Win,2,1,15,37,33.3,1.0,3.0,50.0,13,9,13,29,13,32,25.0,1.0,4.0,50.0,7,4,7,16
238,2016020748,Home,Win,6,5,16,34,0.0,0.0,3.0,44.8,8,8,4,20,14,41,0.0,0.0,4.0,55.2,9,6,7,13
239,2016020768,Home,Win,2,1,13,37,0.0,0.0,5.0,48.3,13,3,7,26,17,23,0.0,0.0,3.0,51.7,8,5,11,26
240,2016020810,Home,Loss,3,6,20,39,0.0,0.0,4.0,63.1,6,7,8,28,12,26,33.3,1.0,3.0,36.9,6,8,5,20
241,2016020818,Away,Win,7,4,22,37,33.3,2.0,6.0,48.2,15,9,7,16,26,31,25.0,1.0,4.0,51.8,8,8,11,14
242,2016020846,Away,Win,6,5,6,22,0.0,0.0,2.0,43.5,17,12,21,23,4,36,0.0,0.0,3.0,56.5,15,13,28,10
243,2016020857,Away,Win,4,1,8,31,33.3,1.0,3.0,27.5,9,4,5,15,8,36,0.0,0.0,3.0,72.5,12,4,9,22
244,2016020868,Away,Win,3,2,6,25,0.0,0.0,2.0,48.1,10,2,14,27,4,35,0.0,0.0,3.0,51.9,16,3,12,25
245,2016020880,Away,Win,2,1,4,33,0.0,0.0,1.0,45.9,10,9,3,15,2,27,0.0,0.0,2.0,54.1,11,5,4,16
246,2016020891,Home,Loss,3,4,4,34,100.0,2.0,2.0,52.2,7,5,9,21,6,35,0.0,0.0,1.0,47.8,8,9,5,21
247,2016020901,Home,Loss,2,4,4,38,33.3,1.0,3.0,43.6,4,7,7,16,8,28,0.0,0.0,1.0,56.4,15,9,5,15
248,2016020916,Home,Loss,1,2,33,38,20.0,1.0,5.0,50.0,6,12,13,21,29,33,0.0,0.0,2.0,50.0,19,5,8,23
249,2016020927,Home,Win,3,2,4,31,50.0,1.0,2.0,47.2,12,12,17,25,6,25,0.0,0.0,1.0,52.8,7,8,5,23
250,2016020938,Away,OT Loss,1,2,12,40,0.0,0.0,2.0,52.5,15,7,11,27,8,49,0.0,0.0,4.0,47.5,12,12,16,29
251,2016020955,Home,Loss,1,2,6,42,33.3,1.0,3.0,53.4,14,10,12,19,6,34,0.0,0.0,3.0,46.6,7,7,11,11
252,2016020976,Home,Loss,2,5,8,45,20.0,1.0,5.0,38.6,7,5,11,21,10,28,0.0,0.0,4.0,61.4,15,8,3,19
253,2016020997,Home,Loss,4,7,8,40,50.0,1.0,2.0,42.3,16,9,21,23,6,46,0.0,0.0,3.0,57.7,11,6,5,16
254,2016021003,Away,Loss,2,3,42,34,0.0,0.0,3.0,51.5,10,3,9,23,20,34,25.0,1.0,4.0,48.5,10,13,8,18
255,2016021029,Home,Win,7,2,12,32,20.0,1.0,5.0,54.1,12,4,9,19,14,30,25.0,1.0,4.0,45.9,9,7,8,17
256,2016021041,Away,Loss,1,2,6,34,0.0,0.0,2.0,38.2,8,2,2,9,4,34,0.0,0.0,3.0,61.8,14,4,5,10
257,2016021049,Away,Win,4,3,10,37,50.0,1.0,2.0,36.1,17,10,8,16,8,32,33.3,1.0,3.0,63.9,15,8,4,17
258,2016021064,Away,Loss,0,4,12,21,0.0,0.0,4.0,54.7,10,5,4,26,12,28,0.0,0.0,4.0,45.3,19,10,8,22
259,2016021081,Home,Loss,3,4,6,35,0.0,0.0,3.0,48.0,10,8,11,19,10,25,100.0,1.0,1.0,52.0,14,6,9,22
260,2016021094,Home,Win,3,1,0,39,0.0,0.0,0.0,45.2,6,13,8,20,0,23,0.0,0.0,0.0,54.8,10,9,11,19
261,2016021109,Home,Win,7,0,30,31,20.0,1.0,5.0,43.9,10,9,13,15,34,25,0.0,0.0,3.0,56.1,12,3,12,15
262,2016021122,Away,Loss,2,4,11,32,33.3,1.0,3.0,58.9,10,3,4,9,11,32,66.7,2.0,3.0,41.1,9,4,14,22
263,2016021131,Away,Loss,2,3,18,27,25.0,1.0,4.0,43.1,15,8,8,30,18,25,0.0,0.0,4.0,56.9,13,14,20,18
264,2016021144,Away,Loss,2,6,6,31,0.0,0.0,3.0,43.5,18,7,11,27,20,33,0.0,0.0,1.0,56.5,17,6,23,19
265,2016021157,Away,Loss,2,5,8,26,25.0,1.0,4.0,57.4,6,12,16,21,8,29,25.0,1.0,4.0,42.6,12,7,10,16
266,2016021178,Home,Loss,1,4,9,32,0.0,0.0,2.0,50.0,9,5,6,15,9,31,0.0,0.0,2.0,50.0,5,4,12,18
267,2016021199,Home,Loss,3,6,8,32,0.0,0.0,2.0,42.1,8,10,12,13,4,38,50.0,2.0,4.0,57.9,12,10,3,9
268,2016021213,Home,Win,3,0,4,37,25.0,1.0,4.0,50.9,8,11,7,12,8,30,0.0,0.0,2.0,49.1,6,6,10,15
269,2016021228,Away,Win,2,0,6,21,100.0,1.0,1.0,62.2,11,1,9,3,4,38,0.0,0.0,2.0,37.8,11,9,7,5
270,2017010017,Away,Win,5,3,21,28,50.0,2.0,4.0,57.4,18,5,4,12,13,34,12.5,1.0,8.0,42.6,11,5,10,15
271,2017010018,Away,OT Loss,2,3,8,26,22.2,2.0,9.0,47.4,15,4,5,6,18,19,0.0,0.0,4.0,52.6,10,2,4,17
272,2017010059,Away,Win,4,2,16,28,20.0,1.0,5.0,55.4,7,8,6,20,10,29,0.0,0.0,8.0,44.6,17,3,5,17
273,2017010078,Home,Win,4,2,16,33,25.0,1.0,4.0,57.1,7,15,11,21,12,40,0.0,0.0,5.0,42.9,10,8,9,19
274,2017010092,Home,Win,5,2,10,33,0.0,0.0,2.0,46.9,11,6,10,22,6,36,25.0,1.0,4.0,53.1,7,0,11,23
275,2017010093,Away,Loss,1,3,32,23,0.0,0.0,5.0,39.6,12,5,15,27,24,23,0.0,0.0,4.0,60.4,15,12,19,18
276,2017020014,Away,Loss,3,5,6,36,0.0,0.0,4.0,51.5,12,3,8,20,8,25,33.3,1.0,3.0,48.5,17,9,7,26
277,2017020018,Home,Win,5,4,23,48,25.0,1.0,4.0,50.7,13,15,13,14,19,30,16.7,1.0,6.0,49.3,13,5,13,26
278,2017020052,Home,Win,5,2,25,38,20.0,1.0,5.0,55.1,13,14,13,18,25,39,20.0,1.0,5.0,44.9,11,4,9,13
279,2017020067,Away,Loss,3,4,6,46,20.0,1.0,5.0,58.7,17,7,9,23,10,33,33.3,1.0,3.0,41.3,6,11,2,21
280,2017020083,Away,Loss,1,5,13,41,16.7,1.0,6.0,43.1,10,7,5,22,17,39,25.0,1.0,4.0,56.9,22,5,10,13
281,2017020107,Home,Loss,3,4,8,31,0.0,0.0,2.0,58.1,13,5,9,20,4,48,75.0,3.0,4.0,41.9,16,5,8,21
282,2017020116,Away,Win,4,1,8,23,33.3,2.0,6.0,55.8,24,11,4,14,12,42,0.0,0.0,4.0,44.2,11,7,17,12
283,2017020130,Away,Loss,1,5,8,27,0.0,0.0,2.0,45.8,23,4,20,35,4,37,50.0,2.0,4.0,54.2,12,9,11,24
284,2017020145,Home,Win,8,3,11,22,33.3,1.0,3.0,37.7,11,9,20,12,11,34,0.0,0.0,3.0,62.3,3,4,14,21
285,2017020160,Home,OT Loss,2,3,11,46,16.7,1.0,6.0,54.9,14,6,27,12,17,38,0.0,0.0,3.0,45.1,13,10,13,18
286,2017020174,Home,Loss,5,8,15,23,0.0,0.0,3.0,50.7,12,16,14,14,11,38,40.0,2.0,5.0,49.3,15,12,17,8
287,2017020190,Home,Loss,3,7,12,34,0.0,0.0,1.0,62.9,10,6,18,23,6,40,50.0,2.0,4.0,37.1,7,12,12,9
288,2017020203,Home,OT Loss,4,5,6,34,0.0,0.0,2.0,54.7,11,9,18,16,4,44,33.3,1.0,3.0,45.3,16,6,10,11
289,2017020227,Away,Loss,1,3,12,31,50.0,1.0,2.0,53.1,25,5,11,31,6,48,0.0,0.0,5.0,46.9,13,14,12,13
290,2017020242,Away,Win,4,1,15,31,0.0,0.0,3.0,40.4,11,5,8,16,15,25,50.0,1.0,2.0,59.6,15,6,7,23
291,2017020254,Away,Loss,1,2,8,33,0.0,0.0,4.0,67.3,9,11,8,17,10,21,50.0,1.0,2.0,32.7,12,13,10,20
292,2017020269,Home,Win,4,3,11,29,40.0,2.0,5.0,50.0,8,3,20,13,17,43,0.0,0.0,2.0,50.0,8,4,10,15
293,2017020289,Away,Win,2,0,4,28,0.0,0.0,1.0,48.5,18,20,14,22,2,35,0.0,0.0,2.0,51.5,12,23,20,19
294,2017020296,Away,Loss,0,4,2,24,0.0,0.0,2.0,49.2,8,0,2,22,6,20,0.0,0.0,0.0,50.8,10,5,10,28
295,2017020309,Away,Loss,2,3,15,52,16.7,1.0,6.0,49.2,12,11,14,20,19,28,50.0,2.0,4.0,50.8,18,10,15,28
296,2017020321,Home,Win,2,1,6,43,0.0,0.0,3.0,44.1,18,8,13,13,6,44,0.0,0.0,3.0,55.9,6,10,6,14
297,2017020352,Home,Loss,1,4,2,38,0.0,0.0,2.0,46.2,17,8,19,20,4,39,0.0,0.0,1.0,53.8,11,3,12,8
298,2017020362,Away,Win,3,2,8,38,0.0,0.0,3.0,65.1,7,10,8,20,10,25,0.0,0.0,2.0,34.9,12,7,6,15
299,2017020369,Away,Win,5,4,8,27,50.0,1.0,2.0,52.5,15,9,10,22,6,37,0.0,0.0,3.0,47.5,12,10,11,13
300,2017020392,Home,Loss,1,2,0,40,0.0,0.0,2.0,50.9,21,9,18,17,4,32,0.0,0.0,0.0,49.1,17,6,11,17
301,2017020403,Away,OT Loss,2,3,26,39,0.0,0.0,2.0,45.1,15,18,16,25,20,47,40.0,2.0,5.0,54.9,15,15,15,19
302,2017020413,Home,OT Loss,4,5,4,43,50.0,2.0,4.0,55.1,9,8,10,21,18,32,0.0,0.0,2.0,44.9,8,7,13,20
303,2017020434,Home,Win,6,4,16,36,50.0,2.0,4.0,38.9,12,4,9,30,10,39,14.3,1.0,7.0,61.1,8,5,7,24
304,2017020448,Home,Loss,3,7,6,42,0.0,0.0,5.0,54.0,13,12,13,26,10,30,0.0,0.0,3.0,46.0,17,6,9,16
305,2017020463,Away,Win,2,1,23,29,50.0,1.0,2.0,52.9,18,4,9,19,21,35,0.0,0.0,3.0,47.1,17,5,11,24
306,2017020473,Away,OT Loss,2,3,10,37,0.0,0.0,2.0,53.1,25,11,11,33,8,28,0.0,0.0,3.0,46.9,16,11,11,31
307,2017020486,Away,Loss,1,2,6,33,0.0,0.0,1.0,50.0,18,5,7,12,2,30,0.0,0.0,3.0,50.0,14,9,4,9
308,2017020510,Away,Loss,2,5,8,18,33.3,1.0,3.0,43.5,15,14,8,13,6,40,0.0,0.0,4.0,56.5,13,18,12,12
309,2017020523,Away,Win,3,2,10,26,0.0,0.0,0.0,50.0,16,5,7,30,4,41,0.0,0.0,4.0,50.0,12,5,7,32
310,2017020540,Home,Win,4,2,15,34,0.0,0.0,3.0,36.1,7,17,13,23,11,31,20.0,1.0,5.0,63.9,12,10,9,9
311,2017020546,Home,Win,1,0,6,38,0.0,0.0,3.0,61.0,12,12,20,14,10,38,0.0,0.0,2.0,39.0,14,10,15,13
312,2017020571,Home,Win,3,2,15,27,0.0,0.0,4.0,55.2,10,14,7,17,15,31,0.0,0.0,4.0,44.8,18,5,17,23
313,2017020588,Home,Win,2,0,0,33,0.0,0.0,3.0,50.0,17,15,20,33,6,38,0.0,0.0,0.0,50.0,15,11,6,17
314,2017020608,Away,Loss,1,5,7,26,0.0,0.0,2.0,46.6,14,2,6,11,9,41,0.0,0.0,1.0,53.4,12,6,3,8
315,2017020630,Away,Loss,2,4,6,40,0.0,0.0,1.0,43.3,7,1,7,21,4,19,50.0,1.0,2.0,56.7,12,7,21,25
316,2017020647,Away,OT Loss,2,3,10,44,33.3,1.0,3.0,58.4,11,5,3,19,8,48,50.0,2.0,4.0,41.6,25,14,6,18
317,2017020657,Away,Win,7,4,13,36,0.0,0.0,2.0,63.6,14,9,5,20,13,30,0.0,0.0,2.0,36.4,14,11,9,13
318,2017020666,Home,Loss,2,4,8,43,25.0,1.0,4.0,52.2,17,4,18,27,10,29,33.3,1.0,3.0,47.8,24,10,9,17
319,2017020705,Home,Win,4,3,6,26,0.0,0.0,1.0,51.7,23,8,14,22,2,36,0.0,0.0,3.0,48.3,8,8,7,19
320,2017020716,Away,Loss,3,4,12,40,100.0,1.0,1.0,50.0,13,8,9,13,12,29,0.0,0.0,1.0,50.0,16,6,10,9
321,2017020738,Away,Loss,1,6,84,34,16.7,1.0,6.0,50.0,8,1,7,22,54,39,33.3,2.0,6.0,50.0,21,4,12,13
322,2017020752,Home,Loss,2,4,19,34,0.0,0.0,4.0,57.8,5,11,8,17,15,46,33.3,2.0,6.0,42.2,8,2,1,21
323,2017020763,Away,Win,4,1,2,40,0.0,0.0,0.0,57.1,16,8,13,19,0,33,0.0,0.0,1.0,42.9,11,7,21,19
324,2017020777,Away,Win,4,2,35,32,28.6,2.0,7.0,56.5,16,3,3,16,47,32,33.3,1.0,3.0,43.5,5,3,2,21
325,2017020796,Home,Win,3,2,13,33,0.0,0.0,3.0,49.2,7,14,15,27,13,28,0.0,0.0,2.0,50.8,14,9,11,18
326,2017020818,Home,Win,3,1,2,41,25.0,1.0,4.0,50.0,15,14,10,23,8,27,0.0,0.0,1.0,50.0,16,8,8,22
327,2017020838,Home,Loss,1,3,12,36,50.0,1.0,2.0,52.5,13,11,18,20,14,26,0.0,0.0,1.0,47.5,20,7,6,30
328,2017020862,Away,Win,7,5,0,40,75.0,3.0,4.0,42.9,19,13,10,25,8,32,0.0,0.0,0.0,57.1,12,7,17,36
329,2017020878,Away,Win,4,3,12,34,25.0,1.0,4.0,50.8,13,5,8,8,8,37,16.7,1.0,6.0,49.2,17,3,6,14
330,2017020903,Away,Win,6,3,29,30,50.0,2.0,4.0,45.3,15,14,5,8,23,33,28.6,2.0,7.0,54.7,11,9,14,14
331,2017020910,Away,Loss,2,7,4,27,50.0,2.0,4.0,47.6,11,5,15,17,8,34,50.0,1.0,2.0,52.4,14,7,17,17
332,2017020918,Away,Loss,0,1,4,40,0.0,0.0,2.0,33.3,12,5,7,20,4,31,0.0,0.0,2.0,66.7,14,3,8,20
333,2017020936,Home,Win,3,2,11,33,25.0,1.0,4.0,54.8,13,7,12,19,33,35,33.3,1.0,3.0,45.2,14,9,14,14
334,2017020951,Home,Win,6,5,7,30,0.0,0.0,3.0,57.7,19,7,18,19,21,37,100.0,1.0,1.0,42.3,11,5,14,7
335,2017020972,Home,Win,3,2,4,31,25.0,1.0,4.0,47.5,15,8,22,18,8,39,0.0,0.0,2.0,52.5,7,19,11,11
336,2017020985,Home,Win,3,2,9,29,0.0,0.0,2.0,58.1,18,14,30,18,9,31,50.0,1.0,2.0,41.9,13,6,17,23
337,2017020992,Home,Win,4,1,40,30,0.0,0.0,3.0,50.0,12,12,19,27,30,25,0.0,0.0,3.0,50.0,4,7,10,14
338,2017021008,Home,Win,4,1,11,26,20.0,1.0,5.0,39.6,16,15,11,25,17,40,0.0,0.0,2.0,60.4,14,10,9,22
339,2017021024,Away,OT Loss,4,5,5,49,50.0,1.0,2.0,52.3,14,1,7,28,9,33,0.0,0.0,0.0,47.7,12,7,7,28
340,2017021038,Home,Win,5,0,8,32,50.0,1.0,2.0,58.9,23,14,19,29,4,40,0.0,0.0,4.0,41.1,10,14,9,21
341,2017021056,Home,Win,4,3,7,35,50.0,1.0,2.0,57.8,12,9,16,18,9,37,0.0,0.0,1.0,42.2,8,10,12,15
342,2017021067,Home,Loss,3,5,6,38,0.0,0.0,1.0,51.4,8,14,27,21,4,25,0.0,0.0,2.0,48.6,18,11,11,21
343,2017021087,Home,Win,3,0,25,28,50.0,1.0,2.0,52.9,18,17,26,23,17,46,0.0,0.0,4.0,47.1,10,9,8,24
344,2017021099,Home,Loss,2,4,9,42,0.0,0.0,6.0,46.0,16,14,33,17,19,36,0.0,0.0,1.0,54.0,9,15,13,16
345,2017021118,Away,Win,2,0,22,40,0.0,0.0,2.0,58.9,13,7,15,18,26,28,0.0,0.0,5.0,41.1,21,9,14,32
346,2017021125,Away,Win,7,2,4,39,0.0,0.0,1.0,43.2,20,10,15,19,2,35,0.0,0.0,2.0,56.8,22,4,13,20
347,2017021139,Away,Loss,0,4,8,33,0.0,0.0,4.0,53.4,11,4,4,18,10,33,33.3,1.0,3.0,46.6,15,11,5,17
348,2017021156,Home,Win,4,2,4,47,25.0,1.0,4.0,48.5,16,9,28,21,10,28,100.0,1.0,1.0,51.5,18,6,17,20
349,2017021169,Away,Win,3,0,8,41,16.7,1.0,6.0,50.8,19,6,9,14,12,32,0.0,0.0,4.0,49.2,17,5,15,14
350,2017021186,Away,Loss,3,4,2,33,0.0,0.0,3.0,50.7,18,5,8,24,6,35,0.0,0.0,1.0,49.3,22,10,23,22
351,2017021193,Away,OT Loss,2,3,2,26,50.0,1.0,2.0,46.3,14,3,9,24,4,30,0.0,0.0,1.0,53.7,17,8,9,28
352,2017021206,Away,Loss,1,5,14,31,0.0,0.0,2.0,50.7,8,12,13,29,16,33,100.0,1.0,1.0,49.3,6,8,6,15
353,2017021225,Home,Win,3,2,9,35,50.0,1.0,2.0,45.1,14,11,13,29,21,29,0.0,0.0,1.0,54.9,10,5,14,14
354,2017021234,Home,Win,2,1,0,33,0.0,0.0,1.0,45.3,18,19,15,22,2,46,0.0,0.0,0.0,54.7,13,7,4,11
355,2017021247,Home,Win,3,2,4,35,0.0,0.0,2.0,50.8,9,10,19,25,6,28,100.0,1.0,1.0,49.2,17,12,4,21
356,2017021261,Home,Win,4,3,6,27,33.3,1.0,3.0,50.0,20,7,25,6,6,41,33.3,1.0,3.0,50.0,12,11,13,11
357,2017020616,Away,Win,4,2,8,26,0.0,0.0,3.0,39.7,20,20,9,15,6,43,25.0,1.0,4.0,60.3,7,7,11,20
358,2018010005,Home,Loss,0,5,10,27,0.0,0.0,5.0,49.1,9,11,13,18,12,31,25.0,1.0,4.0,50.9,12,4,11,22
359,2018010007,Home,Loss,3,5,10,26,25.0,1.0,4.0,50.0,10,0,11,14,8,28,20.0,1.0,5.0,50.0,14,6,9,18
360,2018010029,Away,Win,5,2,21,41,16.7,1.0,6.0,55.6,16,11,10,20,29,33,16.7,1.0,6.0,44.4,15,7,17,32
361,2018010055,Away,Win,4,3,8,29,50.0,1.0,2.0,0.0,0,0,0,0,4,23,25.0,1.0,4.0,0.0,0,0,0,0
362,2018010071,Away,Win,3,2,10,28,0.0,0.0,4.0,48.1,14,9,9,18,10,29,25.0,1.0,4.0,51.9,13,5,12,18
363,2018010085,Away,Loss,2,6,8,38,50.0,1.0,2.0,0.0,0,0,0,0,8,32,50.0,1.0,2.0,0.0,0,0,0,0
364,2018010100,Home,Loss,2,3,2,33,50.0,1.0,2.0,56.7,17,7,8,10,4,26,0.0,0.0,1.0,43.3,15,6,6,13
365,2018020019,Away,OT Loss,1,2,6,43,0.0,0.0,5.0,52.6,13,8,5,22,10,29,0.0,0.0,3.0,47.4,9,5,11,37
366,2018020047,Home,Loss,4,5,6,41,0.0,0.0,2.0,59.1,14,12,18,18,4,32,66.7,2.0,3.0,40.9,5,7,14,7
367,2018020064,Home,Loss,2,3,8,26,0.0,0.0,5.0,42.2,6,11,14,18,10,30,25.0,1.0,4.0,57.8,23,12,13,15
368,2018020080,Away,OT Loss,5,6,16,26,33.3,1.0,3.0,53.8,14,7,16,29,18,26,0.0,0.0,2.0,46.2,13,4,11,23
369,2018020099,Away,Win,6,5,8,30,28.6,2.0,7.0,50.8,20,11,11,20,16,31,33.3,1.0,3.0,49.2,12,14,15,28
370,2018020108,Home,OT Loss,3,4,6,37,0.0,0.0,5.0,46.2,10,12,16,17,10,31,66.7,2.0,3.0,53.8,12,22,19,15
371,2018020122,Away,Loss,2,5,17,38,25.0,1.0,4.0,46.6,17,10,11,28,23,22,33.3,2.0,6.0,53.4,18,9,15,28
372,2018020130,Away,Win,3,2,8,41,40.0,2.0,5.0,50.0,12,2,12,23,12,22,33.3,1.0,3.0,50.0,13,3,11,20
373,2018020148,Away,Loss,2,3,12,37,0.0,0.0,4.0,57.0,8,1,3,20,12,26,0.0,0.0,4.0,43.0,30,6,13,15
374,2018020180,Home,Loss,2,4,14,38,20.0,1.0,5.0,42.4,13,7,13,10,12,36,33.3,2.0,6.0,57.6,26,10,11,17
375,2018020192,Away,Win,4,2,19,26,60.0,3.0,5.0,48.5,21,4,11,18,23,34,100.0,1.0,1.0,51.5,13,6,5,14
376,2018020228,Home,Win,4,1,11,33,25.0,1.0,4.0,62.7,12,16,11,12,13,27,0.0,0.0,3.0,37.3,10,12,5,23
377,2018020248,Home,Win,4,2,10,31,20.0,1.0,5.0,48.3,11,19,24,7,12,31,0.0,0.0,4.0,51.7,9,7,12,16
378,2018020254,Home,Win,5,1,10,40,33.3,1.0,3.0,58.6,13,10,10,20,6,35,20.0,1.0,5.0,41.4,11,8,9,12
379,2018020267,Away,Win,2,1,2,30,33.3,1.0,3.0,31.7,21,12,11,25,6,31,0.0,0.0,1.0,68.3,15,7,11,30
380,2018020280,Away,Loss,3,7,2,43,50.0,2.0,4.0,54.8,6,5,6,12,8,37,0.0,0.0,1.0,45.2,15,14,4,15
381,2018020296,Away,Loss,2,4,6,41,33.3,1.0,3.0,64.9,13,4,19,21,8,24,50.0,1.0,2.0,35.1,21,10,20,30
382,2018020312,Away,Win,7,5,12,32,50.0,1.0,2.0,44.3,20,11,19,26,6,38,20.0,1.0,5.0,55.7,11,8,24,17
383,2018020325,Away,Loss,3,7,8,43,50.0,2.0,4.0,39.7,17,5,6,18,8,33,25.0,1.0,4.0,60.3,7,12,8,15
384,2018020342,Away,Loss,1,4,8,35,0.0,0.0,1.0,48.2,16,17,16,31,4,39,33.3,1.0,3.0,51.8,16,18,19,31
385,2018020351,Home,OT Loss,4,5,9,38,33.3,1.0,3.0,51.6,13,16,19,25,11,41,0.0,0.0,2.0,48.4,7,9,9,13
386,2018020363,Home,Win,4,3,4,34,25.0,1.0,4.0,52.1,14,8,19,24,8,32,0.0,0.0,2.0,47.9,12,10,13,17
387,2018020378,Home,Loss,2,3,4,44,33.3,1.0,3.0,41.5,6,10,13,15,6,25,0.0,0.0,2.0,58.5,10,7,14,16
388,2018020390,Home,Win,3,2,8,43,50.0,2.0,4.0,57.6,10,15,19,37,8,24,25.0,1.0,4.0,42.4,21,9,22,26
389,2018020399,Home,OT Loss,4,5,8,27,25.0,1.0,4.0,42.1,15,21,32,28,10,39,66.7,2.0,3.0,57.9,18,5,14,24
390,2018020417,Home,Win,5,0,10,44,33.3,2.0,6.0,44.3,16,6,15,22,14,33,0.0,0.0,4.0,55.7,8,6,19,26
391,2018020430,Home,Loss,2,5,8,35,20.0,1.0,5.0,56.9,14,8,12,23,10,37,0.0,0.0,4.0,43.1,15,2,4,14
392,2018020450,Home,OT Loss,4,5,2,31,50.0,2.0,4.0,48.3,15,4,16,26,8,26,0.0,0.0,1.0,51.7,16,5,13,26
393,2018020470,Away,Loss,3,4,6,25,0.0,0.0,2.0,50.0,14,8,5,12,4,33,0.0,0.0,3.0,50.0,19,14,8,17
394,2018020484,Away,Loss,1,5,2,31,0.0,0.0,2.0,52.2,12,4,4,20,6,26,0.0,0.0,0.0,47.8,21,7,5,15
395,2018020497,Home,Win,4,3,20,33,50.0,2.0,4.0,49.2,22,16,25,24,10,32,0.0,0.0,4.0,50.8,12,9,8,12
396,2018020517,Away,Win,5,2,11,36,33.3,1.0,3.0,44.2,11,4,9,20,11,32,0.0,0.0,3.0,55.8,5,9,12,11
397,2018020531,Away,Loss,1,6,6,26,33.3,1.0,3.0,49.1,22,8,24,30,6,26,100.0,3.0,3.0,50.9,13,17,11,9
398,2018020547,Away,Win,2,1,10,23,50.0,1.0,2.0,52.5,15,2,11,21,6,34,0.0,0.0,4.0,47.5,8,4,11,11
399,2018020562,Away,Win,6,3,6,27,33.3,1.0,3.0,45.8,14,9,12,25,6,29,33.3,1.0,3.0,54.2,11,12,10,21
400,2018020580,Home,Loss,3,5,11,26,33.3,1.0,3.0,49.1,11,4,11,20,11,28,33.3,1.0,3.0,50.9,11,7,5,28
401,2018020591,Home,Win,2,1,4,36,33.3,1.0,3.0,29.0,8,10,16,21,6,35,0.0,0.0,2.0,71.0,21,3,10,21
402,2018020606,Away,Win,4,3,4,27,0.0,0.0,3.0,38.9,10,1,14,13,6,20,0.0,0.0,2.0,61.1,10,1,23,25
403,2018020623,Away,Loss,3,4,6,38,33.3,1.0,3.0,45.8,9,1,6,17,6,33,0.0,0.0,3.0,54.2,18,3,5,16
404,2018020641,Home,OT Loss,3,4,6,30,0.0,0.0,1.0,51.9,4,11,24,33,4,35,0.0,0.0,2.0,48.1,11,8,9,19
405,2018020660,Away,Loss,1,5,20,37,0.0,0.0,4.0,50.9,10,8,10,37,20,31,0.0,0.0,4.0,49.1,22,7,12,27
406,2018020679,Away,OT Loss,3,4,4,30,0.0,0.0,2.0,45.6,15,5,17,25,4,24,0.0,0.0,2.0,54.4,13,13,8,29
407,2018020685,Away,Loss,3,4,22,27,50.0,1.0,2.0,45.6,24,8,24,24,4,24,100.0,1.0,1.0,54.4,6,13,19,15
408,2018020703,Away,Loss,1,5,29,24,0.0,0.0,2.0,45.8,9,4,5,18,19,36,0.0,0.0,2.0,54.2,14,9,6,34
409,2018020714,Away,Loss,1,5,8,53,0.0,0.0,4.0,35.9,12,9,21,25,10,28,33.3,1.0,3.0,64.1,16,9,19,27
410,2018020733,Home,Win,3,1,2,29,0.0,0.0,3.0,45.3,11,11,20,26,6,21,0.0,0.0,1.0,54.7,8,13,11,21
411,2018020747,Away,Win,4,2,8,30,33.3,1.0,3.0,58.2,18,9,14,9,6,39,0.0,0.0,4.0,41.8,13,7,14,18
412,2018020758,Home,Win,6,2,11,30,75.0,3.0,4.0,46.0,14,12,19,25,25,29,0.0,0.0,2.0,54.0,12,10,11,23
413,2018020782,Home,Loss,1,4,4,28,16.7,1.0,6.0,53.6,13,13,21,23,12,26,0.0,0.0,2.0,46.4,19,11,14,22
414,2018020793,Home,Win,3,1,2,25,0.0,0.0,1.0,50.0,12,14,23,27,2,35,0.0,0.0,1.0,50.0,9,5,22,29
415,2018020811,Home,Loss,2,3,2,24,66.7,2.0,3.0,57.1,7,3,19,23,6,34,0.0,0.0,1.0,42.9,15,9,9,15
416,2018020824,Home,Win,3,2,6,42,33.3,1.0,3.0,50.0,9,11,21,31,6,31,0.0,0.0,3.0,50.0,12,8,14,27
417,2018020848,Away,Win,5,4,2,31,25.0,1.0,4.0,50.8,23,11,12,20,8,30,0.0,0.0,1.0,49.2,16,14,16,16
418,2018020858,Home,Loss,2,5,10,27,0.0,0.0,4.0,47.5,10,11,15,25,10,23,50.0,2.0,4.0,52.5,11,12,13,29
419,2018020865,Home,Loss,0,3,4,30,0.0,0.0,4.0,62.5,15,10,13,18,8,19,0.0,0.0,2.0,37.5,20,7,18,26
420,2018020877,Home,Win,3,2,8,32,0.0,0.0,1.0,59.0,18,11,19,24,2,43,0.0,0.0,4.0,41.0,12,12,17,20
421,2018020908,Home,Win,6,3,6,36,33.3,1.0,3.0,47.7,12,13,14,19,6,31,0.0,0.0,3.0,52.3,8,10,21,30
422,2018020916,Home,Win,4,2,8,41,0.0,0.0,4.0,55.0,15,13,26,30,8,34,25.0,1.0,4.0,45.0,16,12,19,41
423,2018020930,Home,Loss,3,4,16,30,40.0,2.0,5.0,56.9,16,12,15,35,10,25,25.0,2.0,8.0,43.1,6,15,11,29
424,2018020948,Home,Win,6,1,2,25,40.0,2.0,5.0,62.5,16,9,16,28,10,19,0.0,0.0,1.0,37.5,12,8,4,41
425,2018020966,Away,Win,4,3,4,38,50.0,1.0,2.0,49.3,12,7,6,28,4,39,0.0,0.0,2.0,50.7,22,10,7,23
426,2018020977,Away,OT Loss,3,4,10,27,0.0,0.0,1.0,45.5,17,9,16,33,2,40,20.0,1.0,5.0,54.5,16,8,12,25
427,2018020989,Away,OT Loss,5,6,4,37,66.7,2.0,3.0,41.7,20,12,16,36,10,46,0.0,0.0,1.0,58.3,4,20,16,31
428,2018021005,Home,OT Loss,3,4,2,34,0.0,0.0,2.0,56.5,12,6,13,27,6,26,0.0,0.0,0.0,43.5,14,11,12,14
429,2018021013,Home,Loss,2,3,6,32,0.0,0.0,2.0,58.2,12,17,15,21,4,33,33.3,1.0,3.0,41.8,16,11,7,30
430,2018021022,Away,OT Loss,2,3,4,34,33.3,1.0,3.0,48.3,19,8,10,27,6,37,50.0,1.0,2.0,51.7,13,4,11,28
431,2018021033,Away,Loss,3,4,8,25,40.0,2.0,5.0,43.6,19,20,17,21,10,28,25.0,1.0,4.0,56.4,6,7,16,19
432,2018021044,Home,Win,6,2,13,29,33.3,1.0,3.0,56.5,8,7,21,25,13,27,0.0,0.0,3.0,43.5,9,7,12,24
433,2018021060,Home,Win,6,1,4,43,50.0,2.0,4.0,56.7,16,5,14,23,8,20,50.0,1.0,2.0,43.3,10,9,12,43
434,2018021092,Away,Win,4,2,6,27,20.0,1.0,5.0,46.0,18,9,9,12,10,28,0.0,0.0,3.0,54.0,12,16,12,13
435,2018021101,Away,Win,4,3,9,35,25.0,1.0,4.0,44.2,12,4,10,17,13,27,50.0,1.0,2.0,55.8,14,7,10,32
436,2018021116,Away,Loss,2,3,6,39,0.0,0.0,1.0,45.3,10,8,13,14,4,22,50.0,1.0,2.0,54.7,10,7,8,25
437,2018021130,Away,Loss,2,4,6,22,33.3,1.0,3.0,43.5,15,5,15,10,6,36,33.3,1.0,3.0,56.5,16,10,15,16
438,2018021136,Home,Win,4,2,4,22,33.3,1.0,3.0,55.9,12,9,24,30,6,34,0.0,0.0,2.0,44.1,11,11,9,34
439,2018021156,Home,Loss,3,7,23,34,100.0,1.0,1.0,61.5,13,13,24,47,9,39,33.3,1.0,3.0,38.5,14,6,12,25
440,2018021169,Away,Loss,5,7,8,36,33.3,1.0,3.0,44.6,17,6,10,21,8,37,33.3,1.0,3.0,55.4,15,15,16,25
441,2018021180,Away,Loss,1,6,14,34,33.3,1.0,3.0,51.4,23,10,19,24,16,27,0.0,0.0,2.0,48.6,13,11,13,23
442,2018021192,Away,Win,5,2,8,34,0.0,0.0,2.0,52.7,14,3,10,24,6,30,0.0,0.0,3.0,47.3,11,6,13,19
443,2018021204,Away,Win,4,1,4,23,0.0,0.0,1.0,54.2,20,10,5,21,2,31,0.0,0.0,2.0,45.8,8,6,11,21
444,2018021221,Home,Win,5,3,4,34,0.0,0.0,2.0,47.5,12,16,18,29,4,30,0.0,0.0,2.0,52.5,6,8,14,35
445,2018021244,Home,OT Loss,1,2,6,30,50.0,1.0,2.0,50.8,20,7,20,33,4,36,0.0,0.0,3.0,49.2,14,6,17,32
446,2018021262,Home,OT Loss,3,4,27,40,0.0,0.0,3.0,57.4,6,11,27,35,43,27,20.0,1.0,5.0,42.6,15,8,7,37
447,2019010002,Away,Loss,3,6,18,23,0.0,0.0,4.0,50.0,9,2,4,17,28,29,0.0,0.0,4.0,50.0,9,4,4,28
448,2019010008,Away,Loss,0,1,14,27,0.0,0.0,4.0,64.9,20,2,4,10,10,27,0.0,0.0,6.0,35.1,11,6,7,11
449,2019010024,Away,Loss,3,4,6,21,25.0,1.0,4.0,0.0,0,0,0,0,8,19,0.0,0.0,3.0,0.0,0,0,0,0
450,2019010034,Away,OT Loss,4,5,4,18,33.3,1.0,3.0,45.6,18,1,28,42,6,46,0.0,0.0,2.0,54.4,8,5,15,34
451,2019010051,Away,Win,6,0,2,42,20.0,1.0,5.0,0.0,0,0,0,0,10,30,0.0,0.0,1.0,0.0,0,0,0,0
452,2019010067,Home,Win,6,3,13,24,0.0,0.0,0.0,62.9,9,15,14,13,5,22,25.0,1.0,4.0,37.1,7,7,13,21
453,2019010083,Home,Loss,2,4,13,32,20.0,1.0,5.0,54.1,18,6,14,20,15,25,25.0,1.0,4.0,45.9,13,2,5,22
454,2019010097,Away,Win,1,0,6,28,0.0,0.0,4.0,36.6,7,14,5,25,12,26,0.0,0.0,1.0,63.4,8,7,6,25
455,2019020005,Away,Loss,2,5,6,37,0.0,0.0,4.0,39.0,15,6,8,14,8,30,33.3,1.0,3.0,61.0,15,7,6,17
456,2019020021,Home,Win,4,3,4,28,66.7,2.0,3.0,44.8,14,8,10,26,8,35,0.0,0.0,1.0,55.2,5,9,6,24
457,2019020036,Home,Loss,3,6,10,50,33.3,2.0,6.0,54.5,10,11,14,15,16,35,33.3,1.0,3.0,45.5,25,3,7,16
458,2019020058,Away,OT Loss,2,3,8,43,0.0,0.0,2.0,44.4,14,2,9,13,4,32,0.0,0.0,4.0,55.6,10,6,11,14
459,2019020067,Away,OT Loss,2,3,7,37,0.0,0.0,3.0,53.3,16,3,20,28,11,28,0.0,0.0,1.0,46.7,20,10,20,24
460,2019020080,Away,Win,6,4,6,34,20.0,1.0,5.0,48.1,10,5,5,30,10,21,0.0,0.0,3.0,51.9,12,5,5,25
461,2019020107,Home,OT Loss,4,5,6,44,0.0,0.0,4.0,48.2,9,11,18,17,8,41,0.0,0.0,3.0,51.8,13,17,10,19
462,2019020121,Away,Win,3,2,8,30,50.0,1.0,2.0,42.6,22,9,7,9,4,27,25.0,1.0,4.0,57.4,11,5,8,14
463,2019020135,Home,Win,4,2,2,22,0.0,0.0,1.0,42.9,11,8,22,31,2,25,0.0,0.0,1.0,57.1,9,11,9,12
464,2019020153,Away,OT Loss,5,6,11,23,0.0,0.0,2.0,34.5,17,11,10,14,9,24,33.3,1.0,3.0,65.5,8,12,15,16
465,2019020170,Away,Win,6,2,6,29,0.0,0.0,1.0,53.7,17,7,12,11,2,26,33.3,1.0,3.0,46.3,13,9,13,22
466,2019020178,Away,Loss,2,7,4,31,50.0,1.0,2.0,46.3,15,4,5,16,4,36,0.0,0.0,2.0,53.7,16,13,5,17
467,2019020191,Away,Win,4,3,21,38,25.0,1.0,4.0,50.0,7,8,4,15,25,30,0.0,0.0,2.0,50.0,12,13,10,15
468,2019020208,Home,Win,4,0,6,41,50.0,1.0,2.0,55.6,13,5,20,16,4,22,0.0,0.0,3.0,44.4,9,8,10,14
469,2019020238,Home,OT Loss,4,5,8,36,20.0,1.0,5.0,50.0,10,15,15,7,10,31,25.0,1.0,4.0,50.0,15,13,10,16
470,2019020252,Away,Loss,1,2,6,38,25.0,1.0,4.0,42.9,15,7,14,6,8,36,0.0,0.0,3.0,57.1,20,12,21,20
471,2019020263,Away,Win,6,5,13,35,33.3,1.0,3.0,75.9,9,13,22,28,11,34,50.0,2.0,4.0,24.1,15,11,15,25
472,2019020272,Away,Win,5,4,8,29,50.0,2.0,4.0,52.9,14,9,10,27,12,38,50.0,1.0,2.0,47.1,6,12,11,20
473,2019020288,Home,Loss,3,4,0,37,33.3,1.0,3.0,58.2,10,16,16,16,6,30,0.0,0.0,0.0,41.8,15,11,12,18
474,2019020306,Home,Win,4,3,6,30,66.7,2.0,3.0,51.6,12,9,11,15,8,33,0.0,0.0,3.0,48.4,16,10,9,18
475,2019020319,Home,Win,5,2,6,26,0.0,0.0,4.0,52.1,18,12,12,15,8,37,0.0,0.0,2.0,47.9,18,7,12,14
476,2019020334,Home,Win,5,4,2,28,0.0,0.0,1.0,53.1,18,15,17,17,2,32,100.0,1.0,1.0,46.9,15,14,11,22
477,2019020355,Away,Loss,2,4,4,23,0.0,0.0,2.0,58.0,20,5,11,22,4,34,0.0,0.0,2.0,42.0,7,13,8,21
478,2019020362,Home,Loss,2,5,4,45,25.0,1.0,4.0,56.0,8,10,7,12,8,26,0.0,0.0,2.0,44.0,15,7,9,21
479,2019020383,Away,Loss,3,4,6,40,0.0,0.0,3.0,59.3,18,7,8,10,8,20,0.0,0.0,2.0,40.7,18,5,11,28
480,2019020408,Home,Win,3,0,8,28,0.0,0.0,4.0,50.0,19,9,9,20,8,27,0.0,0.0,4.0,50.0,18,12,9,24
481,2019020426,Home,Loss,2,4,2,46,33.3,1.0,3.0,58.2,10,8,13,12,6,26,0.0,0.0,1.0,41.8,8,7,10,30
482,2019020457,Home,Win,4,1,11,27,25.0,1.0,4.0,59.6,18,10,15,13,13,34,0.0,0.0,3.0,40.4,17,2,6,19
483,2019020464,Home,Win,5,1,11,33,50.0,2.0,4.0,47.7,17,9,5,16,23,31,33.3,1.0,3.0,52.3,14,3,5,21
484,2019020473,Home,Loss,1,2,4,28,0.0,0.0,3.0,50.0,17,17,23,19,6,48,0.0,0.0,2.0,50.0,24,4,13,24
485,2019020489,Home,Loss,1,3,13,33,0.0,0.0,3.0,50.8,10,11,13,16,21,30,50.0,2.0,4.0,49.2,20,8,10,18
486,2019020508,Home,Loss,2,4,6,33,0.0,0.0,3.0,42.6,14,11,15,21,6,42,33.3,1.0,3.0,57.4,21,6,10,21
487,2019020519,Home,Win,6,1,8,31,20.0,1.0,5.0,50.0,13,14,22,22,16,30,0.0,0.0,1.0,50.0,11,8,13,32
488,2019020548,Home,Win,7,4,6,33,25.0,1.0,4.0,50.0,15,12,19,14,8,31,33.3,1.0,3.0,50.0,10,13,14,24
489,2019020559,Away,Win,4,2,10,22,66.7,2.0,3.0,49.2,23,8,8,15,10,44,33.3,1.0,3.0,50.8,5,5,10,11
490,2019020572,Away,Loss,1,6,8,30,25.0,1.0,4.0,55.9,15,6,11,25,8,34,75.0,3.0,4.0,44.1,9,4,12,18
491,2019020595,Home,Win,5,4,6,30,66.7,2.0,3.0,38.1,19,14,22,30,8,39,0.0,0.0,2.0,61.9,13,15,14,24
492,2019020608,Home,Win,6,5,8,34,0.0,0.0,5.0,48.6,19,10,15,13,10,43,50.0,2.0,4.0,51.4,18,7,7,24
493,2019020619,Away,Loss,1,4,8,37,0.0,0.0,2.0,57.7,10,5,7,15,6,28,33.3,1.0,3.0,42.3,24,3,14,11
494,2019020632,Away,Win,6,3,6,31,66.7,2.0,3.0,52.5,23,7,12,21,6,31,0.0,0.0,3.0,47.5,16,2,15,35
495,2019020645,Away,Loss,2,3,8,34,0.0,0.0,3.0,48.1,11,4,6,8,8,18,33.3,1.0,3.0,51.9,16,0,8,11
496,2019020654,Away,Win,4,1,18,35,0.0,0.0,1.0,57.4,12,6,3,21,14,32,0.0,0.0,3.0,42.6,20,7,10,26
497,2019020664,Home,Loss,2,5,6,39,0.0,0.0,2.0,56.3,8,10,10,24,6,37,100.0,2.0,2.0,43.7,15,7,7,25
498,2019020681,Home,Win,5,2,6,49,25.0,1.0,4.0,55.9,10,11,18,20,18,32,0.0,0.0,3.0,44.1,18,4,10,24
499,2019020707,Home,Win,8,4,6,29,50.0,1.0,2.0,46.5,18,12,18,18,4,47,0.0,0.0,3.0,53.5,4,6,9,6
500,2019020729,Home,Win,4,3,8,26,66.7,2.0,3.0,50.0,15,11,13,22,6,30,50.0,2.0,4.0,50.0,14,8,9,17
501,2019020749,Away,Win,4,1,19,38,16.7,1.0,6.0,41.3,15,1,7,15,27,28,0.0,0.0,7.0,58.7,14,5,7,16
502,2019020760,Away,Win,5,4,8,25,50.0,1.0,2.0,47.5,15,4,6,15,4,33,50.0,2.0,4.0,52.5,7,7,4,10
503,2019020765,Away,Win,4,3,8,26,33.3,1.0,3.0,50.8,17,7,8,23,6,35,25.0,1.0,4.0,49.2,19,8,11,19
504,2019020794,Away,Loss,0,4,4,29,0.0,0.0,6.0,35.1,25,7,14,14,12,35,50.0,1.0,2.0,64.9,11,9,6,22
505,2019020809,Away,Win,5,3,6,21,50.0,1.0,2.0,44.2,11,13,4,30,4,34,33.3,1.0,3.0,55.8,10,8,16,10
506,2019020818,Away,OT Loss,0,1,2,32,0.0,0.0,2.0,55.0,14,2,2,15,4,45,0.0,0.0,1.0,45.0,14,5,6,12
507,2019020830,Home,Loss,2,7,12,25,33.3,1.0,3.0,53.4,10,10,20,16,8,39,20.0,1.0,5.0,46.6,10,5,12,22
508,2019020847,Home,Loss,2,3,2,35,0.0,0.0,3.0,61.2,9,7,14,32,6,22,100.0,1.0,1.0,38.8,12,5,5,25
509,2019020861,Away,Loss,1,4,10,31,0.0,0.0,5.0,44.8,12,5,10,22,10,34,0.0,0.0,5.0,55.2,12,9,8,32
510,2019020868,Away,Win,5,3,4,33,0.0,0.0,2.0,61.0,11,11,3,12,4,28,50.0,1.0,2.0,39.0,18,8,16,12
511,2019020883,Home,Loss,2,6,8,28,0.0,0.0,1.0,39.3,8,13,9,22,4,28,33.3,1.0,3.0,60.7,12,7,5,15
512,2019020898,Home,Loss,1,4,12,34,0.0,0.0,3.0,58.2,6,9,16,20,16,29,0.0,0.0,1.0,41.8,17,8,9,8
513,2019020917,Away,Win,5,3,8,28,0.0,0.0,4.0,35.0,20,9,4,11,8,32,25.0,1.0,4.0,65.0,13,10,9,13
514,2019020931,Away,Win,4,1,4,32,0.0,0.0,1.0,50.0,9,6,9,16,4,36,0.0,0.0,1.0,50.0,17,4,14,23
515,2019020940,Away,Loss,4,5,12,29,50.0,2.0,4.0,34.9,13,2,7,23,10,40,20.0,1.0,5.0,65.1,4,2,21,17
516,2019020957,Away,Loss,3,5,6,35,33.3,1.0,3.0,52.1,18,7,3,15,8,39,0.0,0.0,2.0,47.9,15,11,4,23
517,2019020979,Away,Win,2,1,0,26,50.0,1.0,2.0,56.7,12,3,3,25,4,38,0.0,0.0,0.0,43.3,16,8,9,21
518,2019020987,Home,Loss,3,5,7,27,0.0,0.0,1.0,54.8,13,9,16,19,7,29,0.0,0.0,1.0,45.2,16,5,17,16
519,2019021002,Home,OT Loss,2,3,6,40,0.0,0.0,3.0,52.5,14,13,15,11,6,29,0.0,0.0,3.0,47.5,9,5,12,12
520,2019021012,Home,Loss,0,3,2,38,0.0,0.0,3.0,51.0,16,17,23,21,6,28,100.0,1.0,1.0,49.0,10,7,13,14
521,2019021035,Home,OT Loss,1,2,15,33,0.0,0.0,4.0,47.6,14,13,15,24,13,28,25.0,1.0,4.0,52.4,14,10,14,22
522,2019021054,Home,Win,4,1,6,32,0.0,0.0,3.0,59.3,15,13,16,20,6,34,0.0,0.0,3.0,40.7,13,10,9,26
523,2019021075,Away,Win,2,1,4,34,100.0,1.0,1.0,47.7,23,13,6,11,2,27,0.0,0.0,2.0,52.3,15,8,10,6
524,2019011004,Home,Loss,0,5,15,26,0.0,0.0,4.0,53.4,13,4,8,20,17,34,33.3,1.0,3.0,46.6,6,5,9,28
525,2019030041,Away,Loss,1,2,8,28,0.0,0.0,1.0,46.2,15,4,9,32,4,28,33.3,1.0,3.0,53.8,12,5,5,30
526,2019030042,Away,Loss,2,4,26,28,33.3,1.0,3.0,60.9,13,4,20,43,8,34,28.6,2.0,7.0,39.1,16,7,8,30
527,2019030043,Home,Win,3,2,6,22,40.0,2.0,5.0,54.2,14,7,11,31,10,22,0.0,0.0,3.0,45.8,13,7,10,28
528,2019030044,Home,Loss,1,5,6,25,20.0,1.0,5.0,55.1,12,7,11,28,10,38,33.3,1.0,3.0,44.9,31,8,15,40
529,2020020034,Home,Win,5,2,6,36,25.0,1.0,4.0,53.3,14,14,25,30,8,30,33.3,1.0,3.0,46.7,8,6,14,24
530,2020020049,Home,Win,5,4,4,30,50.0,2.0,4.0,45.5,13,9,15,25,8,36,100.0,2.0,2.0,54.5,16,8,14,28
531,2020020098,Away,Win,4,3,12,31,0.0,0.0,3.0,50.0,10,3,6,17,6,22,0.0,0.0,6.0,50.0,12,2,8,23
532,2020020114,Away,OT Loss,2,3,10,35,0.0,0.0,1.0,54.4,10,10,6,18,6,31,33.3,1.0,3.0,45.6,13,7,9,27
533,2020020130,Away,Win,3,2,8,26,66.7,2.0,3.0,47.5,8,4,9,19,6,27,0.0,0.0,4.0,52.5,12,7,10,14
534,2020020139,Away,Win,3,2,8,30,50.0,2.0,4.0,51.8,9,3,5,16,10,34,0.0,0.0,3.0,48.2,9,1,2,11
535,2020020165,Home,OT Loss,5,6,8,36,50.0,2.0,4.0,39.3,14,8,7,21,8,41,50.0,2.0,4.0,60.7,10,8,9,20
536,2020020176,Home,Win,2,1,4,36,0.0,0.0,2.0,59.7,16,3,11,40,6,25,0.0,0.0,1.0,40.3,17,7,4,25
537,2020020189,Home,Loss,1,4,9,37,0.0,0.0,1.0,50.9,6,12,7,25,11,39,0.0,0.0,0.0,49.1,12,8,2,24
538,2020020203,Home,Win,2,1,6,22,100.0,1.0,1.0,45.2,10,15,6,35,2,32,0.0,0.0,3.0,54.8,8,6,1,28
539,2020020217,Home,Win,5,2,13,29,33.3,1.0,3.0,60.0,11,6,5,44,13,21,66.7,2.0,3.0,40.0,11,2,9,39
540,2020020232,Home,Loss,1,6,17,34,0.0,0.0,4.0,48.2,8,9,9,36,19,28,33.3,1.0,3.0,51.8,12,4,5,25
541,2020020256,Away,Win,6,4,18,21,0.0,0.0,3.0,45.3,9,0,0,15,16,31,0.0,0.0,4.0,54.7,7,2,1,26
542,2020020062,Away,Win,4,3,6,37,25.0,1.0,4.0,40.3,11,11,11,15,8,35,33.3,1.0,3.0,59.7,10,8,15,18
543,2020020275,Away,Win,7,2,8,39,50.0,1.0,2.0,43.1,5,6,1,21,4,32,0.0,0.0,4.0,56.9,9,1,10,12
544,2020020292,Away,Loss,1,2,4,39,33.3,1.0,3.0,45.5,9,0,4,9,6,27,0.0,0.0,2.0,54.5,17,1,3,13
545,2020020009,Home,Win,3,1,7,52,0.0,0.0,3.0,56.1,6,18,6,24,11,25,0.0,0.0,1.0,43.9,17,1,4,32
546,2020020303,Home,Loss,0,3,10,43,0.0,0.0,3.0,49.3,8,9,3,42,8,26,0.0,0.0,4.0,50.7,15,6,3,38
547,2020020315,Home,Win,3,2,4,35,0.0,0.0,1.0,44.3,11,5,8,30,2,39,50.0,1.0,2.0,55.7,7,5,10,33
548,2020020330,Home,OT Loss,3,4,6,31,25.0,1.0,4.0,47.2,7,11,9,24,8,33,66.7,2.0,3.0,52.8,7,10,5,19
549,2020020348,Home,OT Loss,2,3,8,46,0.0,0.0,3.0,49.1,10,14,13,33,8,31,33.3,1.0,3.0,50.9,10,0,3,20
550,2020020368,Away,Win,5,4,4,38,50.0,2.0,4.0,35.8,14,3,11,9,8,35,0.0,0.0,2.0,64.2,12,5,12,10
551,2020020381,Away,Win,6,2,9,32,25.0,1.0,4.0,46.9,16,6,5,14,13,30,50.0,1.0,2.0,53.1,11,5,6,13
552,2020020076,Away,Loss,2,4,12,23,0.0,0.0,5.0,49.3,14,4,7,21,12,26,20.0,1.0,5.0,50.7,12,7,16,26
553,2020020406,Away,Win,4,2,6,33,50.0,2.0,4.0,59.6,11,10,6,26,8,40,0.0,0.0,3.0,40.4,16,12,10,20
554,2020020420,Away,Win,5,4,6,32,33.3,1.0,3.0,66.0,12,4,10,14,6,32,33.3,1.0,3.0,34.0,13,4,21,16
555,2020020435,Home,Win,4,2,8,35,0.0,0.0,2.0,66.7,5,7,4,17,4,32,0.0,0.0,4.0,33.3,9,3,3,15
556,2020020449,Home,Win,6,3,10,36,66.7,2.0,3.0,61.5,10,6,8,16,8,29,0.0,0.0,4.0,38.5,9,2,8,20
557,2020020472,Home,Loss,1,2,6,41,0.0,0.0,3.0,50.0,12,8,7,18,6,27,0.0,0.0,3.0,50.0,12,4,5,25
558,2020020487,Home,Win,2,0,8,49,0.0,0.0,5.0,48.1,10,5,6,23,12,21,0.0,0.0,3.0,51.9,21,4,6,20
559,2020020828,Away,Loss,3,5,14,32,40.0,2.0,5.0,39.7,13,0,1,20,14,24,20.0,1.0,5.0,60.3,10,5,0,22
560,2020020505,Away,Loss,2,3,6,35,50.0,1.0,2.0,50.0,16,12,13,42,4,32,33.3,1.0,3.0,50.0,19,11,15,24
561,2020020519,Away,Loss,0,3,21,41,0.0,0.0,6.0,50.9,9,7,9,36,17,21,33.3,1.0,3.0,49.1,22,11,12,32
562,2020020538,Away,Win,4,3,6,28,33.3,1.0,3.0,56.1,17,2,5,12,6,34,0.0,0.0,3.0,43.9,16,4,13,20
563,2020020547,Away,Win,4,1,13,23,25.0,1.0,4.0,47.5,17,2,15,23,15,34,33.3,1.0,3.0,52.5,12,4,4,29
564,2020020560,Home,Win,4,1,8,33,0.0,0.0,4.0,49.0,11,17,11,29,8,36,25.0,1.0,4.0,51.0,14,5,10,27
565,2020020575,Home,Win,3,2,16,36,25.0,1.0,4.0,50.0,15,6,12,32,20,27,0.0,0.0,2.0,50.0,9,5,8,21
566,2020020590,Home,Win,5,2,2,39,0.0,0.0,4.0,52.6,14,9,14,19,8,46,0.0,0.0,1.0,47.4,17,15,6,31
567,2020020600,Home,Win,3,0,6,35,0.0,0.0,1.0,62.1,18,11,17,17,2,32,0.0,0.0,3.0,37.9,15,9,9,29
568,2020020615,Away,Loss,2,5,8,36,0.0,0.0,2.0,41.9,12,3,14,41,4,36,50.0,2.0,4.0,58.1,8,5,20,36
569,2020020629,Away,Loss,0,3,12,24,0.0,0.0,4.0,58.3,8,4,8,39,12,22,25.0,1.0,4.0,41.7,9,5,14,24
570,2020020648,Away,Loss,1,4,6,21,25.0,1.0,4.0,45.8,7,3,10,26,8,20,33.3,1.0,3.0,54.2,28,9,6,34
571,2020020670,Away,Win,3,2,8,31,25.0,1.0,4.0,41.2,14,5,8,14,10,26,0.0,0.0,3.0,58.8,15,2,16,18
572,2020020679,Away,OT Loss,2,3,4,38,0.0,0.0,3.0,66.0,11,3,0,26,6,19,50.0,1.0,2.0,34.0,7,7,1,35
573,2020020694,Away,Win,5,3,4,32,33.3,1.0,3.0,42.6,14,4,2,22,6,31,0.0,0.0,2.0,57.4,9,3,4,25
574,2020020707,Home,Win,4,2,31,39,0.0,0.0,2.0,62.7,15,17,20,25,21,36,0.0,0.0,2.0,37.3,8,10,8,24
575,2020020719,Home,Win,5,1,7,33,0.0,0.0,2.0,58.5,7,10,9,27,9,34,100.0,1.0,1.0,41.5,6,7,8,29
576,2020020732,Home,Loss,2,4,15,34,11.1,1.0,9.0,54.7,8,9,20,28,27,29,33.3,1.0,3.0,45.3,24,7,7,18
577,2020020745,Home,Win,4,3,10,36,0.0,0.0,4.0,37.5,13,10,11,27,8,19,20.0,1.0,5.0,62.5,15,3,9,34
578,2020020758,Away,Loss,1,4,6,40,0.0,0.0,2.0,45.3,5,3,7,14,6,27,50.0,1.0,2.0,54.7,13,10,17,18
579,2020020773,Away,Win,7,4,4,55,60.0,3.0,5.0,55.4,4,2,8,13,10,30,0.0,0.0,2.0,44.6,13,1,6,17
580,2020020787,Away,Win,4,3,4,39,25.0,1.0,4.0,50.0,11,10,13,40,8,27,0.0,0.0,2.0,50.0,13,9,13,36
581,2020020802,Away,Win,5,4,8,42,0.0,0.0,1.0,55.4,13,10,11,27,2,35,50.0,2.0,4.0,44.6,18,10,13,31
582,2020020020,Home,Win,5,4,9,43,25.0,1.0,4.0,51.7,17,11,14,23,23,29,50.0,1.0,2.0,48.3,9,10,12,33
583,2020020857,Home,Win,5,1,76,35,16.7,1.0,6.0,47.2,7,7,10,38,78,29,0.0,0.0,5.0,52.8,11,9,18,36
584,2020020841,Home,Win,4,0,19,30,0.0,0.0,5.0,38.6,12,13,23,33,19,30,0.0,0.0,5.0,61.4,11,3,9,39
585,2020030141,Home,Loss,4,5,18,39,33.3,1.0,3.0,49.3,17,9,9,54,16,40,75.0,3.0,4.0,50.7,16,5,12,36
586,2020030142,Home,Loss,1,3,18,33,0.0,0.0,3.0,50.9,13,10,20,37,8,29,0.0,0.0,3.0,49.1,15,9,19,42
587,2020030143,Away,Win,6,5,8,47,100.0,2.0,2.0,47.9,9,5,4,46,6,31,66.7,2.0,3.0,52.1,16,8,5,40
588,2020030144,Away,Loss,2,6,50,41,28.6,2.0,7.0,54.8,6,6,3,37,42,26,40.0,2.0,5.0,45.2,12,6,2,33
589,2020030145,Home,Win,4,1,6,38,20.0,1.0,5.0,51.7,10,12,21,40,22,37,0.0,0.0,2.0,48.3,16,6,13,49
590,2020030146,Away,Loss,0,4,6,29,0.0,0.0,2.0,53.1,12,4,5,27,4,24,33.3,1.0,3.0,46.9,13,8,5,32
591,2021010003,Home,Win,5,4,15,36,16.7,1.0,6.0,53.6,11,5,9,18,29,30,25.0,1.0,4.0,46.4,15,8,19,22
592,2021010005,Home,Win,3,1,8,30,40.0,2.0,5.0,52.9,8,3,8,23,10,30,0.0,0.0,4.0,47.1,18,5,9,36
593,2021010027,Away,Win,4,3,6,28,50.0,1.0,2.0,36.1,10,9,8,9,4,38,33.3,1.0,3.0,63.9,10,3,18,14
594,2021010040,Home,Win,6,3,4,36,0.0,0.0,1.0,50.7,13,8,15,25,2,28,50.0,1.0,2.0,49.3,13,3,12,35
595,2021010071,Away,Win,3,2,49,28,0.0,0.0,4.0,0.0,0,0,0,0,47,30,20.0,1.0,5.0,0.0,0,0,0,0
596,2021010084,Away,Loss,2,6,13,23,0.0,0.0,3.0,47.2,6,4,0,22,11,26,50.0,2.0,4.0,52.8,5,4,1,26
597,2021010095,Home,Loss,2,4,12,47,0.0,0.0,3.0,56.4,14,16,11,20,8,29,40.0,2.0,5.0,43.6,17,4,14,25
598,2021020010,Home,Win,5,4,18,39,0.0,0.0,6.0,54.3,17,11,19,23,12,47,22.2,2.0,9.0,45.7,11,6,12,22
599,2021020025,Home,Win,5,1,12,29,0.0,0.0,1.0,43.3,11,10,15,34,6,30,25.0,1.0,4.0,56.7,23,8,10,28
600,2021020042,Away,Win,4,1,12,32,33.3,1.0,3.0,39.1,10,4,3,25,6,31,0.0,0.0,6.0,60.9,15,7,5,26
601,2021020055,Home,Win,4,1,6,38,20.0,1.0,5.0,59.7,12,9,14,26,10,31,0.0,0.0,3.0,40.3,18,11,9,26
602,2021020070,Away,Win,4,2,8,31,14.3,1.0,7.0,41.3,12,5,9,21,14,29,25.0,1.0,4.0,58.7,12,3,6,23
603,2021020085,Home,Win,5,3,9,41,66.7,2.0,3.0,57.1,9,14,13,23,23,21,0.0,0.0,1.0,42.9,20,14,7,33
604,2021020097,Home,Win,4,1,4,27,0.0,0.0,1.0,33.9,17,17,17,34,2,31,0.0,0.0,2.0,66.1,13,13,10,37
605,2021020111,Away,Win,3,2,8,33,0.0,0.0,3.0,41.4,9,6,5,18,6,30,0.0,0.0,4.0,58.6,23,3,9,23
606,2021020117,Away,OT Loss,2,3,6,35,100.0,1.0,1.0,36.8,14,10,9,25,2,33,33.3,1.0,3.0,63.2,11,10,7,28
607,2021020152,Home,Win,5,4,4,33,33.3,1.0,3.0,48.9,9,16,13,29,6,42,0.0,0.0,2.0,51.1,13,15,13,36
608,2021020166,Home,Win,5,2,21,32,60.0,3.0,5.0,35.6,26,12,6,21,20,32,20.0,1.0,5.0,64.4,11,7,6,35
609,2021020180,Away,Loss,3,4,6,45,0.0,0.0,2.0,47.3,8,4,4,18,6,18,50.0,1.0,2.0,52.7,21,5,8,26
610,2021020186,Away,Loss,3,7,8,38,0.0,0.0,2.0,46.7,10,9,7,28,4,31,50.0,2.0,4.0,53.3,14,5,9,21
611,2021020200,Away,OT Loss,2,3,6,38,0.0,0.0,4.0,42.3,14,10,3,28,8,31,0.0,0.0,3.0,57.7,11,14,10,31
612,2021020214,Away,OT Loss,2,3,11,28,0.0,0.0,1.0,54.4,6,8,0,25,11,24,100.0,1.0,1.0,45.6,16,10,0,30
613,2021020233,Home,Win,6,1,9,36,0.0,0.0,5.0,49.1,14,15,26,26,46,28,0.0,0.0,1.0,50.9,5,12,14,42
614,2021020251,Home,Win,4,1,8,41,0.0,0.0,2.0,42.9,15,12,18,35,6,46,0.0,0.0,3.0,57.1,16,5,12,24
615,2021020265,Home,Win,5,4,4,37,0.0,0.0,1.0,49.1,16,28,18,35,2,39,50.0,1.0,2.0,50.9,17,8,16,32
616,2021020292,Home,Win,2,1,6,45,50.0,1.0,2.0,42.1,7,14,15,15,6,33,0.0,0.0,2.0,57.9,21,10,9,28
617,2021020309,Away,Loss,3,4,6,22,0.0,0.0,3.0,47.6,13,7,5,13,6,29,33.3,1.0,3.0,52.4,12,9,10,21
618,2021020318,Home,Loss,1,4,6,34,0.0,0.0,1.0,28.0,10,19,22,39,4,27,50.0,1.0,2.0,72.0,22,14,14,24
619,2021020338,Home,Win,5,4,8,51,50.0,2.0,4.0,51.5,10,16,15,35,12,27,0.0,0.0,2.0,48.5,7,9,7,35
620,2021020354,Home,Win,7,4,8,45,33.3,1.0,3.0,47.6,15,14,19,16,8,31,0.0,0.0,3.0,52.4,20,2,18,15
621,2021020370,Home,Win,4,3,4,51,0.0,0.0,4.0,47.6,8,10,10,19,10,25,0.0,0.0,1.0,52.4,17,6,9,24
622,2021020394,Away,OT Loss,3,4,12,40,0.0,0.0,5.0,50.0,8,5,3,12,12,30,20.0,1.0,5.0,50.0,16,3,16,23
623,2021020416,Away,Win,3,1,10,23,25.0,1.0,4.0,45.5,12,7,6,17,8,23,20.0,1.0,5.0,54.5,7,6,14,28
624,2021020433,Away,Loss,2,3,19,31,25.0,1.0,4.0,54.4,11,6,3,18,13,26,50.0,1.0,2.0,45.6,17,9,3,22
625,2021020440,Home,Loss,2,8,37,35,0.0,0.0,6.0,43.3,11,9,12,26,21,38,50.0,2.0,4.0,56.7,24,8,15,26
626,2021020456,Home,Loss,1,4,4,42,0.0,0.0,4.0,32.1,10,17,12,30,8,31,0.0,0.0,2.0,67.9,16,5,5,21
627,2021020544,Home,Win,4,3,6,32,0.0,0.0,2.0,55.2,9,11,18,40,6,33,0.0,0.0,2.0,44.8,16,7,6,30
628,2021020552,Home,Win,9,3,24,37,33.3,1.0,3.0,44.1,11,13,10,40,42,42,25.0,1.0,4.0,55.9,13,11,6,29
629,2021020568,Home,Win,5,2,11,48,20.0,1.0,5.0,56.1,15,15,16,29,15,31,0.0,0.0,3.0,43.9,16,10,13,25
630,2021020589,Home,Win,6,2,4,45,66.7,2.0,3.0,54.5,17,20,20,39,6,49,0.0,0.0,2.0,45.5,24,14,9,29
631,2021020605,Away,OT Loss,5,6,6,42,33.3,1.0,3.0,40.3,15,3,14,18,6,36,33.3,1.0,3.0,59.7,15,11,13,23
632,2021020617,Away,Win,4,3,8,36,0.0,0.0,2.0,53.6,13,15,12,27,4,27,25.0,1.0,4.0,46.4,11,5,14,27
633,2021020638,Home,Win,5,2,18,26,33.3,1.0,3.0,41.4,22,11,12,16,18,44,0.0,0.0,3.0,58.6,22,9,5,28
634,2021020661,Home,Win,7,1,4,39,50.0,1.0,2.0,52.8,9,15,25,26,4,30,0.0,0.0,2.0,47.2,23,19,10,30
635,2021020669,Home,Win,9,2,8,51,25.0,1.0,4.0,43.8,11,14,20,19,8,30,25.0,1.0,4.0,56.2,14,8,18,29
636,2021020698,Away,Loss,1,5,12,29,0.0,0.0,3.0,38.5,12,4,12,14,12,31,66.7,2.0,3.0,61.5,11,9,21,15
637,2021020709,Away,Win,6,0,6,28,60.0,3.0,5.0,40.9,26,11,14,27,10,40,0.0,0.0,3.0,59.1,20,13,17,22
638,2021020718,Away,Win,2,1,8,34,50.0,1.0,2.0,50.9,11,3,5,14,4,28,25.0,1.0,4.0,49.1,18,7,7,17
639,2021020736,Away,Loss,3,5,13,31,33.3,1.0,3.0,56.1,13,4,6,18,11,29,0.0,0.0,4.0,43.9,25,11,2,21
640,2021020749,Away,Win,5,3,6,32,0.0,0.0,4.0,42.0,7,9,10,18,8,35,33.3,1.0,3.0,58.0,6,11,9,16
641,2021020760,Home,Win,4,1,6,32,0.0,0.0,1.0,37.0,13,27,22,37,4,25,0.0,0.0,3.0,63.0,14,13,13,31
642,2021020776,Home,Win,5,4,6,50,0.0,0.0,1.0,49.2,4,17,14,30,4,34,100.0,2.0,2.0,50.8,26,14,12,31
643,2021020793,Away,Win,8,4,6,40,33.3,1.0,3.0,53.8,14,9,5,9,8,36,0.0,0.0,2.0,46.2,21,5,12,33
644,2021020800,Away,Loss,2,5,15,36,33.3,1.0,3.0,54.7,16,3,9,25,11,35,60.0,3.0,5.0,45.3,14,16,9,38
645,2021020527,Away,Win,3,2,10,31,0.0,0.0,5.0,57.1,10,5,17,34,12,18,0.0,0.0,4.0,42.9,10,4,14,28
646,2021020476,Away,Win,6,2,10,36,33.3,1.0,3.0,48.2,11,6,3,33,6,26,40.0,2.0,5.0,51.8,15,8,11,34
647,2021020498,Away,Win,5,2,15,25,0.0,0.0,1.0,56.5,13,3,8,30,9,24,0.0,0.0,4.0,43.5,12,3,10,24
648,2021020511,Home,Loss,4,6,6,48,33.3,1.0,3.0,38.7,9,10,12,26,6,33,33.3,1.0,3.0,61.3,18,9,6,34
649,2021020816,Home,Loss,3,6,4,42,0.0,0.0,4.0,55.9,6,13,17,27,8,28,0.0,0.0,2.0,44.1,20,14,16,43
650,2021020831,Home,Loss,3,4,4,47,40.0,2.0,5.0,53.8,11,6,18,31,10,22,50.0,1.0,2.0,46.2,15,7,14,24
651,2021020865,Home,Win,3,0,23,48,22.2,2.0,9.0,52.6,10,8,11,19,55,18,0.0,0.0,3.0,47.4,24,9,5,37
652,2021020881,Home,Win,6,2,4,39,66.7,2.0,3.0,64.3,10,18,14,24,6,25,0.0,0.0,2.0,35.7,15,6,11,17
653,2021020899,Away,Win,6,1,12,31,66.7,2.0,3.0,47.3,12,5,6,6,18,30,0.0,0.0,5.0,52.7,7,3,11,12
654,2021020906,Away,Win,4,3,6,29,50.0,1.0,2.0,42.2,11,8,4,22,4,35,0.0,0.0,3.0,57.8,15,6,9,34
655,2021020920,Home,Win,6,3,18,37,100.0,3.0,3.0,50.7,22,15,12,18,28,37,33.3,1.0,3.0,49.3,22,5,12,33
656,2021020951,Away,OT Loss,2,3,10,32,0.0,0.0,2.0,40.0,20,1,9,31,6,37,25.0,1.0,4.0,60.0,11,3,5,22
657,2021020963,Away,Win,3,2,14,34,0.0,0.0,2.0,45.0,17,8,8,18,8,26,20.0,1.0,5.0,55.0,25,12,15,20
658,2021020975,Away,Loss,3,5,16,36,100.0,1.0,1.0,45.3,15,7,10,50,2,33,33.3,1.0,3.0,54.7,16,12,5,32
659,2021020981,Away,Win,3,0,11,42,20.0,1.0,5.0,54.5,11,4,9,28,29,17,0.0,0.0,1.0,45.5,20,4,12,21
660,2021021020,Away,Win,4,3,10,42,16.7,1.0,6.0,45.9,13,1,18,20,12,31,20.0,1.0,5.0,54.1,24,7,15,26
661,2021021036,Away,Win,4,3,8,49,50.0,1.0,2.0,52.2,13,5,9,33,4,22,0.0,0.0,4.0,47.8,19,5,16,34
662,2021021046,Away,Loss,2,5,6,36,0.0,0.0,3.0,53.0,8,9,8,39,8,25,100.0,2.0,2.0,47.0,16,21,19,32
663,2021021061,Home,Win,7,4,6,46,0.0,0.0,4.0,55.1,7,14,9,21,10,24,0.0,0.0,2.0,44.9,21,7,5,19
664,2021021076,Home,Win,4,0,6,44,33.3,1.0,3.0,46.4,13,8,12,27,6,37,0.0,0.0,3.0,53.6,12,3,7,21
665,2021021092,Away,Win,7,6,4,41,0.0,0.0,3.0,66.1,9,4,11,27,6,31,0.0,0.0,2.0,33.9,19,11,10,23
666,2021021100,Away,Win,5,3,4,40,33.3,1.0,3.0,47.4,8,3,10,28,6,29,100.0,2.0,2.0,52.6,6,6,9,12
667,2021021116,Home,Win,7,6,16,49,50.0,3.0,6.0,51.2,10,14,14,38,14,35,42.9,3.0,7.0,48.8,21,8,8,28
668,2021021138,Home,Win,4,3,10,43,100.0,2.0,2.0,49.0,13,10,14,22,4,22,25.0,1.0,4.0,51.0,13,5,17,20
669,2021021148,Away,Win,4,1,9,25,0.0,0.0,3.0,44.4,20,6,14,24,21,25,0.0,0.0,2.0,55.6,19,7,20,40
670,2021021167,Home,Win,3,2,4,55,33.3,1.0,3.0,62.3,5,17,6,16,6,24,0.0,0.0,2.0,37.7,21,10,9,29
671,2021021194,Home,Win,6,1,10,43,0.0,0.0,1.0,46.7,14,13,12,20,4,31,0.0,0.0,4.0,53.3,5,4,7,29
672,2021021210,Away,Win,6,1,6,39,0.0,0.0,2.0,44.6,8,2,6,27,4,34,0.0,0.0,3.0,55.4,6,1,12,25
673,2021021223,Away,Win,3,2,16,42,20.0,1.0,5.0,51.7,8,3,16,16,10,26,33.3,1.0,3.0,48.3,19,11,19,24
674,2021021235,Home,Win,5,2,8,27,50.0,2.0,4.0,66.7,15,9,11,20,23,30,0.0,0.0,2.0,33.3,21,5,7,27
675,2021021253,Home,Win,3,2,8,35,50.0,1.0,2.0,45.6,16,9,12,25,8,36,0.0,0.0,2.0,54.4,12,8,11,22
676,2021021260,Home,Loss,4,8,66,39,16.7,1.0,6.0,47.9,13,3,21,35,24,33,42.9,3.0,7.0,52.1,21,8,8,29
677,2021021272,Away,Loss,2,4,10,21,50.0,1.0,2.0,45.0,5,13,9,29,8,38,0.0,0.0,3.0,55.0,12,7,5,27
678,2021021291,Away,Win,4,0,11,30,0.0,0.0,3.0,45.2,17,6,10,13,21,27,0.0,0.0,3.0,54.8,11,4,9,19
679,2021021300,Away,Loss,2,10,4,39,100.0,1.0,1.0,45.3,10,7,24,13,2,37,50.0,1.0,2.0,54.7,22,9,24,15
680,2021030111,Home,Loss,2,4,10,32,0.0,0.0,2.0,52.8,11,14,13,56,8,38,33.3,1.0,3.0,47.2,12,9,6,43
681,2021030112,Home,Win,5,1,8,36,0.0,0.0,4.0,52.9,13,11,6,39,20,27,33.3,1.0,3.0,47.1,21,3,21,60
682,2021030113,Away,Loss,1,6,14,30,0.0,0.0,3.0,55.0,12,6,5,49,8,31,33.3,2.0,6.0,45.0,14,14,9,44
683,2021030114,Away,Win,3,2,14,32,0.0,0.0,4.0,56.9,10,9,6,46,12,16,20.0,1.0,5.0,43.1,24,5,18,56
684,2021030115,Home,Win,5,3,11,38,0.0,0.0,3.0,52.2,10,6,14,35,11,33,33.3,1.0,3.0,47.8,12,3,11,48
685,2021030116,Away,Win,4,3,10,31,0.0,0.0,2.0,51.3,19,5,8,50,6,37,25.0,1.0,4.0,48.7,15,9,17,51
686,2021030211,Home,Loss,1,4,14,34,0.0,0.0,3.0,50.8,11,8,12,30,8,36,50.0,3.0,6.0,49.2,16,3,16,30
687,2021030212,Home,Loss,1,2,6,36,0.0,0.0,4.0,56.8,14,7,10,52,8,28,33.3,1.0,3.0,43.2,24,4,9,35
688,2021030213,Away,Loss,1,5,4,35,33.3,1.0,3.0,55.4,10,6,5,45,6,36,0.0,0.0,2.0,44.6,19,10,5,33
689,2021030214,Away,Loss,0,2,8,49,0.0,0.0,3.0,41.8,9,4,5,41,6,26,0.0,0.0,4.0,58.2,18,5,2,29